CASE_ID,ACCIDENT_YEAR,PROC_DATE,JURIS,COLLISION_DATE,COLLISION_TIME,REPORTING_DISTRICT,DAY_OF_WEEK,POPULATION,PRIMARY_RD,SECONDARY_RD,INTERSECTION,WEATHER_1,STATE_HWY_IND,COLLISION_SEVERITY,NUMBER_KILLED,NUMBER_INJURED,PARTY_COUNT,PRIMARY_COLL_FACTOR,HIT_AND_RUN,TYPE_OF_COLLISION,MVIW,PED_ACTION,ROAD_SURFACE,ROAD_COND_1,LIGHTING,CONTROL_DEVICE,BICYCLE_ACCIDENT,ALCOHOL_INVOLVED,STWD_VEHTYPE_AT_FAULT,CHP_VEHTYPE_AT_FAULT,COUNT_SEVERE_INJ,COUNT_VISIBLE_INJ,COUNT_COMPLAINT_PAIN,COUNT_BICYCLIST_KILLED,COUNT_BICYCLIST_INJURED,CITY
8921671,2019,2019-09-04,3700,2019-07-28,840,,7,3,S SIERRA  AV,PLAZA ST,N,A,N,4,0,1,2,A,M,B,G,A,A,H,A,D,Y,,A,1,0,0,1,0,1,SOLANA BEACH
8179513,2016,2016-12-12,3711,2016-11-17,933,,4,7,TORREY PINES RD,TORREY PINES RD  12660,N,A,N,3,0,1,2,A,N,D,G,A,A,G,A,D,Y,,-,,0,1,0,0,1,SAN DIEGO
8358658,2017,2017-05-05,3700,2017-03-17,759,,5,5,WINDSOR RD,MUNEVAR RD,Y,A,N,4,0,1,2,A,N,B,G,A,A,H,A,-,Y,,L,4,0,0,1,0,1,ENCINITAS
5231900,2011,2012-10-02,3710,2011-06-10,1746,,5,6,SUNNY HILLS RD,WESTRIDGE DR,N,B,N,4,0,1,2,A,N,D,G,A,A,A,A,D,Y,,L,4,0,0,1,0,1,OCEANSIDE
5517545,2012,2013-06-28,3711,2012-01-31,1649,,2,7,GIRARD AV,PEARL ST,Y,A,N,2,0,1,2,A,N,D,G,A,A,H,A,A,Y,,L,4,1,0,0,0,1,SAN DIEGO
8744907,2018,2018-11-29,3711,2018-11-07,1440,,3,7,PEARL ST,GIRARD AV,N,A,N,4,0,1,2,A,N,A,G,A,A,H,B,A,Y,,L,4,0,0,1,0,1,SAN DIEGO
6455247,2014,2014-06-17,3700,2014-01-15,1044,,3,5,ENCINITAS BL,PRINCEHOUSE LN,N,A,N,4,0,1,2,A,N,B,G,A,A,H,A,D,Y,,L,4,0,0,1,0,1,ENCINITAS
8154926,2016,2016-11-02,3711,2016-10-06,1550,SANDI,4,7,LA JOLLA BL,CAM DE LA COSTA,N,-,N,3,0,1,1,A,N,-,-,A,-,-,-,-,Y,,L,4,0,1,0,0,1,SAN DIEGO
5343833,2011,2012-12-04,3700,2011-08-12,1304,,5,5,ENCINITAS BL,PRINCEHOUSE LN,N,A,N,2,0,1,2,A,N,D,G,A,A,H,A,D,Y,,A,1,1,0,0,0,1,ENCINITAS
4217862,2009,2009-11-10,3700,2009-03-17,734,,2,5,MELBA RD,BONITA DR,N,A,N,3,0,1,2,D,N,D,G,A,A,H,A,D,Y,,-,- ,0,1,0,0,1,ENCINITAS
5545335,2012,2013-09-13,3700,2012-02-25,920,,6,3,N HWY 101,LOMAS SANTA FE,N,A,N,3,0,1,2,A,N,H,G,A,A,H,A,D,Y,,A,1,0,1,0,0,1,SOLANA BEACH
4472432,2009,2010-07-16,3711,2009-10-26,1005,,1,7,GIRARD AV,PEARL ST,N,A,N,3,0,1,2,A,N,D,G,A,A,H,A,D,Y,,-,- ,0,1,0,0,1,SAN DIEGO
8921675,2019,2019-09-03,3700,2019-07-27,1205,,6,3,RT 101,LOMAS SANTA FE DR,N,A,N,4,0,1,2,A,N,B,G,A,A,H,A,D,Y,,A,1,0,0,1,0,1,SOLANA BEACH
6082723,2013,2014-02-24,3711,2013-05-18,1026,,6,7,LA JOLLA BL,CAMINO DE LA COSTA,N,A,N,3,0,1,2,A,N,C,G,A,A,H,A,D,Y,,-,- ,0,1,0,0,1,SAN DIEGO
5101896,2011,2012-03-27,3711,2011-02-21,1515,,1,7,CAMINO DE LA COSTA,CAMINO DE LA COSTA 5000,N,A,N,3,0,2,1,A,N,E,-,A,A,H,A,D,Y,,L,4,0,2,0,0,2,SAN DIEGO
5311727,2011,2012-12-04,3711,2011-08-28,1310,124,7,7,LA JOLLA BL,CAMINO DE LA COSTA,Y,A,N,4,0,1,2,A,N,D,G,A,A,H,A,A,Y,,L,4,0,0,1,0,1,SAN DIEGO
4483065,2009,2010-07-22,3700,2009-10-19,1115,,1,3,SIERRA AV,DAHLIA DR,N,A,N,2,0,1,2,A,N,B,G,A,A,H,A,D,Y,,A,1,1,0,0,0,1,SOLANA BEACH
5628444,2012,2014-01-09,3700,2012-04-14,1315,,6,3,RT 101,LOMAS SANTA FE DR,N,B,N,3,0,1,2,A,N,B,G,A,A,H,A,A,Y,,A,1,0,1,0,0,1,SOLANA BEACH
6017912,2013,2014-02-03,3711,2013-03-21,1501,,4,7,GIRARD AV,GENTER ST,N,A,N,4,0,1,2,A,N,H,G,A,A,H,A,D,Y,,-,- ,0,0,1,0,1,SAN DIEGO
8037600,2016,2016-05-12,3711,2016-04-29,1512,,5,7,GIRARD AV,GENTER ST,N,A,N,3,0,1,1,D,N,H,-,A,A,G,A,D,Y,,-,- ,0,1,0,0,1,SAN DIEGO
8471039,2017,2017-10-27,3711,2017-10-11,821,SD,3,7,CAMINO DE LA COSTA,LA JOLLA BL,Y,A,N,4,0,1,2,A,N,D,G,A,A,H,A,D,Y,,L,4,0,0,1,0,1,SAN DIEGO
6043356,2013,2014-10-08,3700,2013-03-23,1012,,6,3,RT 101,LOMA SANTA FE DR,N,A,N,4,0,1,2,A,N,C,G,A,A,D,A,A,Y,,L,4,0,0,1,0,1,SOLANA BEACH
5996730,2013,2014-10-08,3700,2013-01-28,1526,,1,3,RT 101,LOMAS SANTA FE DR,Y,A,N,3,0,1,2,A,N,H,G,A,A,H,A,A,Y,,L,4,0,1,0,0,1,SOLANA BEACH
5536279,2012,2013-09-11,3700,2012-01-07,1348,,6,3,RT 101,LOMAS SANTA FE,N,A,N,3,0,1,2,A,N,E,G,A,A,H,A,B,Y,,A,1,0,1,0,0,1,SOLANA BEACH
5334968,2011,2013-01-28,3701,2011-09-04,916,104,7,5,EL CAMINIO REAL,LA COSTA,N,A,N,3,0,1,2,A,N,B,G,A,A,H,A,D,Y,,L,4,0,1,0,0,1,CARLSBAD
4969870,2010,2011-10-07,3700,2010-08-29,859,,7,3,S HIGHWAY 101,LOMAS SANTA FE DR,N,A,N,3,0,1,2,A,N,B,E,A,A,H,A,D,Y,,A,1,0,1,0,0,1,SOLANA BEACH
5268808,2011,2013-03-27,3701,2011-07-27,2146,80,3,5,EL CAMINIO REAL,CASSIA RD,N,A,N,1,1,0,2,A,F,H,G,A,A,H,C,A,Y,Y,D,22,0,0,0,1,0,CARLSBAD
8722737,2018,2018-11-01,3711,2018-10-21,1430,,7,7,HERSCHEL AV,PEARL ST,N,A,N,3,0,1,1,A,N,F,A,A,A,H,A,D,Y,,L,4,0,1,0,0,1,SAN DIEGO
7113834,2015,2015-11-12,3711,2015-10-31,1314,SAN D,6,7,LA JOLLA BL,BIRD ROCK AV,N,A,N,4,0,1,2,A,N,D,G,A,A,H,A,D,Y,,-,,0,0,1,0,1,SAN DIEGO
8669301,2018,2018-08-14,3711,2018-07-14,625,,6,7,TORREY PINES RD,IVANHOE AV,N,B,N,3,0,1,2,A,N,B,G,A,A,H,A,A,Y,,L,4,0,1,0,0,1,SAN DIEGO
5628448,2012,2013-06-26,3700,2012-04-15,1511,,7,3,RT 101,DAHLIA ST,N,A,N,4,0,1,2,A,N,B,G,A,A,H,A,D,Y,,L,4,0,0,1,0,1,SOLANA BEACH
5321639,2011,2012-12-10,3710,2011-09-22,830,,4,6,CHAMPLAIN ST,NORTH SANTA FE AV,N,A,N,4,0,1,2,A,N,D,G,A,A,H,A,A,Y,,L,4,0,0,1,0,1,OCEANSIDE
4990743,2011,2013-03-25,3710,2011-03-28,705,,1,6,SLEEPING INDIAN RD,MORRO HEIGHTS RD,N,B,N,1,1,0,2,A,N,B,G,A,A,H,B,D,Y,Y,A,1,0,0,0,1,0,OCEANSIDE
5582683,2012,2013-07-20,3700,2012-03-02,1642,,5,5,SANTA FE DR,EVERGREEN DR,Y,A,N,3,0,1,2,A,N,H,G,A,A,H,B,D,Y,,A,1,0,1,0,0,1,ENCINITAS
4923655,2010,2011-10-21,3700,2010-09-14,2057,,2,5,SANTA FE DR,EVERGREEN DR,Y,A,N,3,0,1,2,A,N,D,G,A,A,H,C,D,Y,Y,L,4,0,1,0,0,1,ENCINITAS
8921679,2019,2019-09-03,3700,2019-07-12,900,,5,3,RT 101,DAHLIA AV,N,A,N,3,0,1,2,A,N,B,G,A,A,H,A,A,Y,,L,4,0,1,0,0,1,SOLANA BEACH
8402199,2017,2017-07-26,3710,2017-07-01,1645,,6,6,SLEEPING INDIAN RD,MORROW HEIGHTS RD,N,A,N,4,0,1,2,A,N,H,G,A,A,H,A,D,Y,,I,11,0,0,1,0,1,OCEANSIDE
4750870,2010,2011-02-24,3700,2010-03-22,1722,,1,3,RT 101,DAHLIA DR,N,A,N,3,0,1,2,A,N,H,G,A,A,H,A,D,Y,,L,4,0,1,0,0,1,SOLANA BEACH
4234619,2009,2009-12-21,3711,2009-05-04,1424,,1,7,NAUTILUS ST,FAY AV,N,A,N,3,0,1,2,A,N,B,G,A,A,H,A,D,Y,,L,4,0,1,0,0,1,SAN DIEGO
8854820,2019,2019-05-06,3700,2019-03-28,1530,,4,5,MELBA RD,EVERGREEN DR,Y,A,N,3,0,1,2,D,F,D,G,A,A,H,A,D,Y,,-,- ,0,1,0,0,1,ENCINITAS
8170236,2016,2016-11-17,3701,2016-10-27,823,56,4,5,FARADAY AV,PALMER WY,N,A,N,3,0,1,2,A,N,D,G,A,A,H,A,D,Y,,A,1,0,1,0,0,1,CARLSBAD
6995643,2015,2016-06-06,3700,2015-06-14,1330,,7,3,RT 101,DAHLIA DR,N,A,N,3,0,1,3,A,N,D,G,A,A,H,A,D,Y,,L,4,0,1,0,0,1,SOLANA BEACH
4619290,2010,2010-12-16,3700,2010-02-14,1300,,7,3,HIGHWAY 101,DAHLIA ST,N,A,N,4,0,1,2,A,N,D,G,A,A,H,A,D,Y,,A,1,0,0,1,0,1,SOLANA BEACH
8664786,2018,2018-07-30,3711,2018-07-09,2055,,1,7,PROSPECT ST,CAVE ST,Y,A,N,3,0,1,2,A,N,D,G,A,A,H,C,A,Y,,A,8,0,1,0,0,1,SAN DIEGO
6589682,2014,2014-09-04,3711,2014-08-08,827,,5,7,PROSPECT PL,CAVE ST,Y,B,N,4,0,1,2,A,N,D,G,A,A,H,A,D,Y,,-,,0,0,1,0,1,SAN DIEGO
5812359,2012,2013-12-20,3700,2012-10-05,1905,,5,5,TYLEE ST,DURIAN ST,Y,A,N,3,0,1,2,A,N,A,G,A,A,H,C,D,Y,,L,4,0,1,0,0,1,VISTA
6079775,2013,2014-04-05,3711,2013-05-16,1645,,4,7,LA JOLLA BL,BIRD ROCK AV,N,B,N,4,0,1,2,A,N,-,G,A,A,H,A,D,Y,,-,- ,0,0,1,0,1,SAN DIEGO
8669573,2018,2018-08-15,3700,2018-06-29,1822,,5,5,LA VIA SAN JUAN,ENCINITAS BL,Y,A,N,3,0,1,2,A,N,D,C,A,A,H,A,A,Y,,L,4,0,1,0,0,1,ENCINITAS
6508246,2014,2015-08-14,3700,2014-03-20,1350,,4,3,RT 101,DAHLIA ST,N,A,N,4,0,1,2,A,N,C,G,A,A,H,A,A,Y,,L,4,0,0,1,0,1,SOLANA BEACH
8753900,2018,2019-01-11,3700,2018-10-31,1823,,3,3,S SIERRA  AV,BORDER AV,Y,A,N,4,0,1,2,A,N,D,G,A,A,H,C,D,Y,,A,8,0,0,1,0,1,SOLANA BEACH
6934275,2015,2015-06-16,3711,2015-05-16,1640,,6,7,LA JOLLA BL,BIRD ROCK AV,N,B,N,3,0,1,2,A,N,B,G,A,A,H,A,D,Y,,-,,0,1,0,0,1,SAN DIEGO
4604422,2010,2010-12-24,3711,2010-02-28,1100,,7,7,LA JOLLA BL,CHELSEA PL,N,A,N,4,0,1,2,A,N,B,G,A,A,H,A,D,Y,,-,- ,0,0,1,0,1,SAN DIEGO
9036492,2020,2020-03-18,3711,2020-01-03,1601,,5,7,LA JOLLA BL,FORWARD ST,N,A,N,3,0,1,2,A,N,G,G,A,A,H,A,D,Y,,A,1,0,1,0,0,1,SAN DIEGO
4164343,2009,2009-11-03,3701,2009-03-07,1344,103,6,5,COLUMBINE DR,GERANIUM ST,N,A,N,4,0,1,2,A,N,A,G,A,A,H,A,A,Y,,L,4,0,0,1,0,1,CARLSBAD
8405962,2017,2017-08-23,3711,2017-07-01,1239,,6,7,SILVERADO ST,EXCHANGE PL,N,B,N,4,0,1,1,A,N,F,I,A,A,H,A,D,Y,,L,4,0,0,1,0,1,SAN DIEGO
4556520,2009,2010-10-22,3700,2009-12-14,1753,,1,5,NOBLE ST,LEGAYE DR,Y,A,N,3,0,1,2,A,N,B,G,A,A,H,C,D,Y,,L,4,0,1,0,0,1,ENCINITAS
6133185,2013,2014-03-01,3700,2013-05-11,1231,,6,2,BORDER ST,CAMINO DEL MAR,N,A,N,3,0,1,2,A,N,B,G,A,A,H,A,D,Y,,A,1,0,1,0,0,1,DEL MAR
8527685,2017,2018-01-31,3711,2017-12-29,1313,,5,7,LA JOLLA BL,CHELSEA PL,N,A,N,3,0,1,2,A,N,D,G,A,A,H,A,D,Y,,A,1,0,1,0,0,1,SAN DIEGO
8936777,2019,2019-10-04,3711,2019-08-26,800,,1,7,CABRILLO AV,OLIVET ST,N,A,N,3,0,1,2,A,N,C,-,A,A,H,A,D,Y,,L,4,0,1,0,0,1,SAN DIEGO
8000941,2016,2016-03-30,3711,2016-03-10,1950,,4,7,LA JOLLA BL,FORWARD ST,N,A,N,3,0,1,2,A,N,H,G,A,A,H,C,D,Y,,A,1,0,1,0,0,1,SAN DIEGO
5343732,2011,2012-12-13,3700,2011-08-25,1621,,4,3,LOMAS SANTA FE DR,NORTH RIOS AV,N,A,N,3,0,1,2,A,N,B,G,A,A,H,A,B,Y,,A,1,0,1,0,0,1,SOLANA BEACH
4426360,2009,2010-06-21,3711,2009-10-09,1410,,5,7,LA JOLLA BL,FORWARD ST,Y,A,N,3,0,1,3,-,N,C,G,A,A,H,A,D,Y,,-,- ,0,1,0,0,1,SAN DIEGO
6632633,2014,2014-09-26,3700,2014-07-22,905,,2,3,LOMA SANTA FE,RIOS AV,Y,A,N,4,0,1,2,A,N,C,G,A,A,H,A,A,Y,,A,1,0,0,1,0,1,SOLANA BEACH
6666684,2014,2014-11-13,3700,2014-09-19,1707,,5,3,LOMAS SANTA FE DR,N RIOS AV,Y,A,N,4,0,1,2,A,N,H,G,A,A,H,A,A,Y,,A,1,0,0,1,0,1,SOLANA BEACH
7066339,2015,2015-09-22,3701,2015-09-01,1856,104,2,5,EL CAMINIO REAL,COSTA DEL MAR,Y,A,N,4,0,1,2,A,N,D,G,A,A,H,A,A,Y,,A,7,0,0,1,0,1,CARLSBAD
6329380,2013,2014-05-12,3700,2013-11-08,948,,5,2,CAMINO DEL MAR,VIA DE LA VALLE,N,A,N,2,0,1,3,A,F,B,G,A,A,H,A,-,Y,,A,8,1,0,0,0,1,DEL MAR
4627405,2010,2010-12-28,3711,2010-02-19,1657,,5,7,PROSPECT WY,CAVE ST,N,A,N,4,0,1,2,A,N,D,G,A,A,H,A,D,Y,,A,1,0,0,1,0,1,SAN DIEGO
4409008,2009,2010-06-30,3700,2009-08-03,1732,,1,3,HIGHWAY 101,BORDER PATROL CHECK POINT,N,A,N,4,0,1,2,A,N,D,G,A,A,H,A,A,Y,,A,1,0,0,1,0,1,SOLANA BEACH
5628452,2012,2013-06-06,3700,2012-04-29,948,,7,3,LOMAS SANTA FE RD,RIOS AV,N,A,N,3,0,1,2,A,N,D,G,A,A,H,A,A,Y,,A,1,0,1,0,0,1,SOLANA BEACH
8437928,2017,2017-08-25,3700,2017-07-16,1329,,7,2,CAMINO DEL MAR,29TH ST,N,B,N,3,0,2,3,A,N,D,G,A,A,H,A,D,Y,,A,1,0,2,0,0,2,DEL MAR
8454770,2017,2017-10-06,3701,2017-09-14,1253,,4,5,EL CAMINIO REAL,COSTA DEL MAR RD,N,A,N,3,0,1,2,A,F,C,G,A,A,H,A,D,Y,,A,1,0,1,0,0,1,CARLSBAD
9140148,2020,2020-08-25,3700,2020-06-13,1420,,6,2,CAMINO DEL MAR,VIA DE LA VALLE,N,A,N,4,0,1,2,A,N,B,G,A,A,H,A,D,Y,,A,1,0,0,1,0,1,DEL MAR
8986507,2019,2019-12-11,3700,2019-09-17,1315,,2,2,CAMINO DEL MAR,VIA DE LA VALLE,N,A,N,3,0,1,2,A,N,C,G,A,A,H,A,D,Y,,A,7,0,1,0,0,1,DEL MAR
4266458,2009,2009-10-21,3700,2009-02-12,1841,,4,3,RT 101,BORDER AV,N,A,N,3,0,1,2,A,F,B,G,A,A,H,C,A,Y,,A,7,0,1,0,0,1,SOLANA BEACH
8713557,2018,2018-10-22,3700,2018-08-08,1303,,3,2,CAMINO DEL MAR,BORDER AV,N,A,N,3,0,1,2,A,N,B,G,A,A,H,A,A,Y,,A,1,0,1,0,0,1,DEL MAR
8870456,2019,2019-06-14,3700,2019-04-17,1819,,3,2,CAMINO DEL MAR,BORDER AV,Y,A,N,3,0,1,2,A,F,D,G,A,A,H,A,A,Y,,D,22,0,1,0,0,1,DEL MAR
4428518,2009,2010-05-14,3700,2009-08-08,1611,,6,3,RT 101,BORDER AV,N,A,N,4,0,1,2,A,N,D,G,A,A,H,A,D,Y,,L,4,0,0,1,0,1,SOLANA BEACH
9162806,2020,2020-11-16,3711,2020-09-19,1727,,6,7,CHELSEA AV,MIDWAY ST,Y,A,N,4,0,1,2,A,N,G,G,A,A,H,A,D,Y,,L,4,0,0,1,0,1,SAN DIEGO
9166955,2020,2020-11-18,3700,2020-09-05,1755,,6,2,CAMINO DEL MAR,VIA DE LA VALLE,N,A,N,3,0,2,4,A,N,C,G,A,A,H,A,D,Y,,L,4,0,2,0,0,2,DEL MAR
5105875,2011,2012-04-26,3701,2011-03-25,1247,56,5,5,FARADAY AV,ORION WY,N,A,N,3,0,1,2,A,N,C,G,A,A,H,A,D,Y,,L,4,0,1,0,0,1,CARLSBAD
8100872,2016,2016-08-16,3700,2016-06-18,1846,,6,3,S HWY 101,VIA DE LA VALLE,N,A,N,2,0,2,3,A,F,G,G,A,A,H,A,A,Y,Y,A,1,2,0,0,0,2,SOLANA BEACH
8069934,2016,2016-07-12,3701,2016-06-10,1019,104,5,5,EL CAMINIO REAL,LA COSTA AV,N,A,N,3,0,1,2,A,N,D,G,A,A,H,A,D,Y,,A,1,0,1,0,0,1,CARLSBAD
5910282,2013,2013-05-13,3701,2013-04-21,740,102,7,5,EL CAMINIO REAL,ARENAL RD,N,A,N,1,1,1,3,A,N,H,G,A,A,H,A,D,Y,,A,1,0,1,0,1,1,CARLSBAD
4111742,2009,2009-09-05,3701,2009-01-25,942,102,7,5,LA COSTA AV,EL CAMINO REAL,-,A,N,4,0,1,1,A,N,H,A,A,A,H,A,D,Y,,-,- ,0,0,1,0,1,CARLSBAD
9160478,2020,2021-01-09,3701,2020-10-07,736,118,3,5,EL CAMINO REAL,LA COSTA TOWNE CENTER,N,A,N,3,0,1,1,A,N,E,A,A,A,G,A,D,Y,,L,4,0,1,0,0,1,CARLSBAD
5744611,2012,2014-02-19,3700,2012-06-16,1053,,6,2,CAMINO DEL MAR,CAMINO DEL MAR 2900,N,A,N,3,0,1,1,C,N,E,H,A,A,H,A,D,Y,,-,- ,0,1,0,0,1,DEL MAR
8892138,2019,2019-07-31,3710,2019-06-29,1656,,6,6,CANNON,LEISURE VILLAGE,N,A,N,3,0,1,2,A,N,B,G,A,A,H,A,A,Y,,L,4,0,1,0,0,1,OCEANSIDE
6837697,2015,2015-03-30,3711,2015-02-25,1124,,3,7,PROSPECT PL,PARK ROW,N,A,N,3,0,1,2,A,N,-,G,A,A,H,A,A,Y,,-,,0,1,0,0,1,SAN DIEGO
4557501,2009,2010-10-11,3700,2009-12-02,1740,,3,5,LEUCADIA BL,GARDEN VIEW RD,N,A,N,4,0,1,2,A,N,B,G,A,A,H,C,D,Y,,A,1,0,0,1,0,1,ENCINITAS
9179795,2020,2020-12-04,3711,2020-11-10,1400,,2,7,TORREY PINES RD,EXCHANGE PL,Y,A,N,3,0,1,2,A,N,A,G,A,A,H,A,D,Y,Y,-,,0,1,0,0,1,SAN DIEGO
8007879,2016,2016-04-08,3701,2016-03-30,1825,117,3,5,LA COSTA AV,EL CAMINIO REAL,Y,A,N,4,0,1,2,A,N,B,G,A,A,H,A,A,Y,,L,4,0,0,1,0,1,CARLSBAD
6330459,2013,2014-05-14,3711,2013-12-25,2030,,3,7,BIRD ROCK AV,BEAUMONT AV,N,A,N,3,0,1,2,A,N,B,E,A,A,H,D,D,Y,Y,L,4,0,1,0,0,1,SAN DIEGO
4267611,2009,2009-12-08,3700,2009-04-04,1147,,6,3,LOMAS SANTA FE DR,GRANADOS AV,N,A,N,2,0,1,2,A,N,F,A,A,A,H,A,D,Y,,A,1,1,0,0,0,1,SOLANA BEACH
8524313,2017,2018-02-20,3700,2017-11-24,1850,,5,2,CAMINO DEL MAR,29TH ST,Y,A,N,4,0,1,2,A,F,-,G,A,A,H,C,A,Y,Y,-,99,0,0,1,0,1,DEL MAR
4364184,2009,2010-03-24,3700,2009-07-04,148,,6,3,GRANADOS AV,LOMAS SANTA FE,N,A,N,3,0,1,2,A,M,C,G,A,A,H,C,D,Y,Y,L,4,0,1,0,0,1,SOLANA BEACH
4569173,2009,2010-10-14,3700,2009-12-29,843,,2,5,BALOUR DR,MELBA RD,N,A,N,3,0,1,2,A,N,D,G,A,A,H,A,A,Y,,L,4,0,1,0,0,1,ENCINITAS
7018492,2015,2015-09-14,3700,2015-07-23,1343,,4,3,LOMAS SANTA FE,GRANADOS,Y,A,N,3,0,1,2,A,N,B,G,A,A,H,A,-,Y,,A,1,0,1,0,0,1,SOLANA BEACH
6894627,2015,2015-05-09,3711,2015-04-18,1514,,6,7,MIDWAY DR,LA JOLLA BL,N,A,N,4,0,1,1,A,N,H,-,A,A,H,A,D,Y,,L,4,0,0,1,0,1,SAN DIEGO
8753844,2018,2018-12-18,3700,2018-10-01,753,,1,5,SANTA FE DR,BALOUR DR,N,A,N,4,0,1,2,A,N,D,G,A,A,H,A,B,Y,,A,1,0,0,1,0,1,ENCINITAS
9059864,2020,2020-03-04,3701,2020-01-23,1538,104,4,5,EL CAMINIO REAL,ARENAL RD,N,A,N,4,0,1,2,A,N,H,G,A,A,H,A,A,Y,,L,4,0,0,1,0,1,CARLSBAD
5359840,2011,2012-12-21,3711,2011-10-08,2107,,6,7,LA JOLLA HERMOSA AV,FORWARD ST,Y,A,N,3,0,1,2,A,M,A,G,A,A,H,C,D,Y,Y,L,4,0,1,0,0,1,SAN DIEGO
5239198,2011,2012-12-01,3711,2011-07-02,1110,,6,7,LA JOLLA BL,MIDWAY ST,Y,A,N,3,0,1,2,A,N,B,G,A,A,H,A,D,Y,,-,- ,0,1,0,0,1,SAN DIEGO
8087379,2016,2016-07-20,3711,2016-07-09,1210,,6,7,LA JOLLA BL,MIDWAY ST,Y,A,N,4,0,1,2,A,N,D,G,A,A,H,A,D,Y,,L,4,0,0,1,0,1,SAN DIEGO
9076924,2020,2020-06-16,3701,2020-03-05,2053,103,4,5,AVIARA PKWY,MANZANITA ST,Y,A,N,2,0,1,2,A,N,D,G,A,A,H,C,A,Y,,L,4,1,0,0,0,1,CARLSBAD
6632625,2014,2014-09-26,3700,2014-07-23,1516,,3,2,CAMINO DEL MAR,24TH ST,N,A,N,4,0,1,2,A,N,B,G,A,A,H,A,D,Y,,L,4,0,0,1,0,1,DEL MAR
6917798,2015,2015-05-26,3700,2015-03-25,1339,,3,2,CAMINO DEL MAR,24TH ST,Y,A,N,4,0,1,2,A,N,D,G,A,A,H,A,D,Y,,A,1,0,0,1,0,1,DEL MAR
8882765,2019,2019-07-10,3700,2019-05-28,1222,,2,3,VIA DE LA VALLE,S CEDROS AV,Y,A,N,2,0,1,2,A,N,B,G,A,A,H,A,D,Y,,A,1,1,0,0,0,1,SOLANA BEACH
5409853,2011,2013-01-26,3711,2011-11-21,1423,,1,7,TORREY PINES RD,PROSPECT PL,N,A,N,3,0,1,1,A,N,E,I,A,A,H,A,D,Y,,L,4,0,1,0,0,1,SAN DIEGO
4546762,2009,2010-10-06,3701,2009-12-01,1719,82,2,5,EL CAMINO REAL,CAMINO VIDA ROBLE,N,A,N,3,0,1,2,D,N,B,G,A,A,H,C,D,Y,,-,- ,0,1,0,0,1,CARLSBAD
5536277,2012,2013-06-25,3700,2012-01-01,1532,,7,2,COAST BL,18TH ST,N,A,N,3,0,1,2,A,N,B,G,A,A,H,A,D,Y,,A,1,0,1,0,0,1,DEL MAR
8178654,2016,2016-12-06,3711,2016-11-18,1550,,5,7,TORREY PINES RD,PROSPECT PL,N,A,N,3,0,1,2,A,F,H,G,A,A,H,A,D,Y,,-,,0,1,0,0,1,SAN DIEGO
5597954,2012,2013-08-17,3711,2012-04-21,900,,6,7,NAUTILUS ST,AVENIDA LA REINA,N,E,N,4,0,1,1,A,N,H,A,A,A,H,A,D,Y,,L,4,0,0,1,0,1,SAN DIEGO
9105236,2020,2020-07-30,3700,2020-04-14,1352,,2,2,CAMINO DEL MAR,COAST BL,Y,A,N,3,0,1,2,A,N,D,G,A,A,H,A,A,Y,,D,22,0,1,0,0,1,DEL MAR
8772507,2018,2019-01-16,3711,2018-12-20,1356,SAN D,4,7,TORREY PINES RD,PROSPECT PL,Y,A,N,4,0,1,2,A,N,-,G,A,A,H,A,A,Y,,A,1,0,0,1,0,1,SAN DIEGO
6813296,2014,2015-02-23,3700,2014-12-06,1137,,6,5,ENCINITAS BL,VIA CANTEBRIA,N,A,N,2,0,1,2,A,N,C,G,A,A,H,A,A,Y,,A,1,1,0,0,0,1,ENCINITAS
8986499,2019,2019-12-11,3700,2019-09-11,1714,,3,2,COAST BL,18TH ST,Y,A,N,3,0,1,2,A,N,B,G,A,A,H,A,D,Y,,A,1,0,1,0,0,1,DEL MAR
5290801,2011,2012-11-27,3701,2011-07-26,833,,2,5,POINSETTIA LN,ESTRELLA DE MAR,N,A,N,4,0,1,2,A,N,C,G,A,A,H,A,A,Y,,L,4,0,0,1,0,1,CARLSBAD
6449120,2014,2014-07-08,3711,2014-03-12,1535,,3,7,LA JOLLA BL,COLIMA ST,N,A,N,3,0,1,2,A,N,B,G,A,A,H,A,D,Y,,-,,0,1,0,0,1,SAN DIEGO
9145262,2020,2020-10-15,3701,2020-08-26,1118,56,3,5,EL CAMINO REAL,PALOMAR AIRPORT RD,N,A,N,4,0,1,1,A,N,H,I,A,A,D,A,D,Y,,L,4,0,0,1,0,1,CARLSBAD
6666680,2014,2014-11-13,3700,2014-09-10,1718,,3,3,GLENMONT DR,RAWL PL,N,A,N,3,0,1,2,A,N,A,G,A,A,H,A,D,Y,,L,4,0,1,0,0,1,SOLANA BEACH
4973013,2010,2011-11-04,3700,2010-10-26,1726,,2,3,LOMAS SANTA FE DR,NARDO AV,N,A,N,3,0,2,3,A,N,B,G,A,A,H,A,A,Y,,A,1,0,1,1,0,2,SOLANA BEACH