CASE_ID,ACCIDENT_YEAR,PROC_DATE,JURIS,COLLISION_DATE,COLLISION_TIME,REPORTING_DISTRICT,DAY_OF_WEEK,POPULATION,PRIMARY_RD,SECONDARY_RD,INTERSECTION,WEATHER_1,STATE_HWY_IND,COLLISION_SEVERITY,NUMBER_KILLED,NUMBER_INJURED,PARTY_COUNT,PRIMARY_COLL_FACTOR,HIT_AND_RUN,TYPE_OF_COLLISION,MVIW,PED_ACTION,ROAD_SURFACE,ROAD_COND_1,LIGHTING,CONTROL_DEVICE,BICYCLE_ACCIDENT,ALCOHOL_INVOLVED,STWD_VEHTYPE_AT_FAULT,CHP_VEHTYPE_AT_FAULT,COUNT_SEVERE_INJ,COUNT_VISIBLE_INJ,COUNT_COMPLAINT_PAIN,COUNT_BICYCLIST_KILLED,COUNT_BICYCLIST_INJURED,CITY
5972770,2012,2014-01-13,3711,2012-12-19,1617,,3,7,AVENIDA MANNA,NAUTILUS ST,Y,A,N,3,0,1,2,A,N,B,G,A,A,H,A,D,Y,,-,- ,0,1,0,0,1,SAN DIEGO
5367218,2011,2012-12-19,3711,2011-10-30,930,SDPD,7,7,NAUTILUS ST,AVENIDA MANANA,Y,A,N,3,0,1,2,A,N,C,E,A,A,H,A,D,Y,,L,4,0,1,0,0,1,SAN DIEGO
8128631,2016,2016-09-27,3701,2016-09-10,1539,6,6,5,PALOMAR AIRPORT RD,EL CAMINO REAL,N,A,N,3,0,1,1,A,N,H,A,A,A,H,A,D,Y,,L,4,0,1,0,0,1,CARLSBAD
8782328,2018,2019-01-25,3701,2018-12-07,600,,5,5,EL CAMINO REAL,PALOMAR AIRPORT RD,N,B,N,2,0,1,2,A,N,A,G,A,B,H,C,A,Y,,L,4,1,0,0,0,1,CARLSBAD
5161984,2011,2012-07-11,3701,2011-05-06,1627,92,5,5,EL CAMINIO REAL,AVIARA PKWY,N,A,N,3,0,1,2,A,N,D,G,A,A,H,A,A,Y,,A,1,0,1,0,0,1,CARLSBAD
8637601,2018,2018-06-18,3701,2018-05-15,749,,2,5,EL CAMINO REAL,AVIARA PKWY,Y,B,N,3,0,1,2,A,N,C,G,A,A,H,A,A,Y,,L,4,0,1,0,0,1,CARLSBAD
6136440,2013,2014-03-11,3701,2013-07-02,1033,81,2,5,EL CAMINIO REAL,TOWN GARDEN RD,N,A,N,3,0,1,2,A,N,A,G,A,A,H,A,A,Y,,L,4,0,1,0,0,1,CARLSBAD
5465679,2011,2013-02-02,3700,2011-12-04,1544,,7,5,LAKE DR,SANTA FE DR,N,A,N,4,0,1,2,A,N,H,G,A,A,H,A,A,Y,,A,1,0,0,1,0,1,ENCINITAS
8770372,2018,2019-01-14,3710,2018-08-05,2000,36,7,6,OCEANSIDE BL,CATALINA CIR W,Y,A,N,3,0,1,2,A,N,H,G,A,A,H,B,A,Y,,L,4,0,1,0,0,1,OCEANSIDE
6190596,2013,2014-03-20,3701,2013-08-28,748,92,3,5,EL CAMINIO REAL,ALGA RD,N,A,N,2,0,1,2,A,N,B,G,A,A,H,A,D,Y,,L,4,1,0,0,0,1,CARLSBAD
6045058,2013,2014-02-15,9650,2013-04-23,1240,,2,9,DE LUZ RD,HARRIS TRL,N,A,N,3,0,1,1,A,N,H,A,A,A,H,A,D,Y,,L,4,0,1,0,0,1,UNINCORPORATED
9040130,2019,2020-02-20,3700,2019-12-07,2230,,6,5,VIA MORELLA,VIA MOLENA,N,B,N,2,0,1,2,A,F,E,G,A,B,H,C,D,Y,Y,D,22,1,0,0,0,1,ENCINITAS
4579402,2010,2011-02-24,3711,2010-01-14,700,,4,7,BELLEVUE PL,FORWARD ST,-,A,N,3,0,1,2,A,N,D,G,A,A,H,A,D,Y,,-,- ,0,1,0,0,1,SAN DIEGO
6191179,2013,2014-03-18,3701,2013-07-31,1840,118,3,5,EL CAMINIO REAL,LEVANTE ST,N,A,N,3,0,1,2,A,N,D,G,A,A,H,A,A,Y,,A,1,0,1,0,0,1,CARLSBAD
6173792,2013,2014-03-25,3711,2013-08-09,1343,,5,7,LA JOLLA BL,COLIMA ST,N,A,N,3,0,1,1,A,N,H,-,A,A,H,A,D,Y,,L,4,0,1,0,0,1,SAN DIEGO
9105244,2020,2020-06-30,3700,2020-03-20,1715,,5,2,CAMINO DEL MAR,JIMMY DURANTE BL,Y,A,N,4,0,1,2,A,N,H,G,A,A,H,A,D,Y,,D,22,0,0,1,0,1,DEL MAR
6631118,2014,2014-10-02,3700,2014-08-07,836,,4,2,CAMINO DEL MAR,15TH ST,N,A,N,4,0,1,2,A,N,B,-,A,A,H,A,A,Y,,A,1,0,0,1,0,1,DEL MAR
6743810,2014,2015-01-09,3700,2014-10-31,1104,,5,2,CAMINO DEL MAR,15TH ST,N,A,N,3,0,1,2,A,F,D,G,A,A,H,A,D,Y,,D,22,0,1,0,0,1,DEL MAR
9040291,2019,2020-02-13,3700,2019-12-21,1202,,6,2,CAMINO DEL MAR,15TH ST,Y,A,N,3,0,1,2,A,N,D,G,A,A,H,A,A,Y,Y,L,4,0,1,0,0,1,DEL MAR
6186316,2013,2014-03-20,3700,2013-07-04,921,,4,2,CAMINO DEL MAR,15TH ST,N,A,N,4,0,1,2,A,N,H,G,A,A,H,A,A,Y,,A,1,0,0,1,0,1,DEL MAR
8668536,2018,2018-08-03,3700,2018-05-07,538,,1,2,CAMINO DEL MAR,PLAZA,N,A,N,2,0,1,2,A,N,C,G,A,A,H,A,A,Y,,-,,1,0,0,0,1,DEL MAR
8565455,2018,2018-03-09,3700,2018-01-31,1408,,3,2,CAMINO DEL MAR,SEAVIEW AV,Y,A,N,2,0,1,2,A,N,B,G,A,A,H,A,D,Y,,D,22,1,0,0,0,1,DEL MAR
5364942,2011,2012-11-30,3710,2011-08-27,2025,,6,6,NORTH RIVER RD,SLEEPING INDIAN,N,B,N,4,0,1,1,A,N,E,I,A,A,H,D,D,Y,,L,4,0,0,1,0,1,OCEANSIDE
6220480,2013,2014-04-02,3700,2013-08-18,1540,,7,2,CAMINO DEL MAR,14TH ST,N,A,N,4,0,1,2,A,N,D,G,A,A,H,A,D,Y,,L,4,0,0,1,0,1,DEL MAR
5452759,2011,2013-02-01,3701,2011-12-07,1458,3701,3,5,TOWN GARDEN RD,METROPOLITAN ST,Y,A,N,3,0,1,2,A,N,A,G,A,A,H,A,D,Y,,A,1,0,1,0,0,1,CARLSBAD
5150628,2011,2012-04-18,3700,2011-03-08,1739,,2,2,CAMINO DEL MAR,15TH ST,N,A,N,3,0,1,2,A,N,B,G,A,A,H,A,D,Y,,A,1,0,1,0,0,1,DEL MAR
6743809,2014,2015-01-09,3700,2014-10-02,1503,,4,2,STRATFORD CT,11TH ST,N,A,N,3,0,1,2,A,N,H,G,A,A,H,A,D,Y,,D,22,0,1,0,0,1,DEL MAR
9186136,2020,2021-01-06,3700,2020-10-03,938,,6,2,CAMINO DEL MAR,14TH ST,N,A,N,4,0,1,2,A,N,B,G,A,A,H,A,D,Y,,A,7,0,0,1,0,1,DEL MAR
8574191,2018,2018-06-28,3701,2018-02-14,1610,,3,5,TOWN GARDEN RD,METROPOLITAN ST,N,A,N,4,0,1,2,A,N,D,G,A,A,H,A,D,Y,,A,1,0,0,1,0,1,CARLSBAD
4877561,2010,2011-08-15,3700,2010-07-14,1742,,3,2,CAMINO DEL MAR,13TH ST,N,A,N,3,0,1,2,A,N,H,G,A,A,H,A,D,Y,,A,1,0,1,0,0,1,DEL MAR
8045559,2016,2016-05-26,3701,2016-05-14,1107,79,6,5,PALOMAR AIRPORT RD,EL CAMINO REAL,N,A,N,3,0,1,2,A,N,C,G,A,A,H,A,D,Y,,A,7,0,1,0,0,1,CARLSBAD
8903479,2019,2019-07-31,3711,2019-06-12,928,,3,7,MANCHESTER AV,RT 5,Y,A,N,3,0,1,1,A,N,E,J,A,A,D,A,B,Y,,L,4,0,1,0,0,1,SAN DIEGO
4787439,2010,2011-05-09,3700,2010-05-08,1421,,6,2,CAMINO DEL MAR,12TH ST,N,A,N,3,0,1,2,A,N,H,G,A,A,H,A,D,Y,,A,1,0,1,0,0,1,DEL MAR
5873349,2012,2014-01-06,3711,2012-11-14,203,,3,7,LA JOLLA BL,CARLA WY,N,A,N,3,0,1,1,A,N,F,A,A,A,H,C,D,Y,Y,L,4,0,1,0,0,1,SAN DIEGO
4429285,2009,2010-05-21,3700,2009-09-20,947,,7,3,NARDO AV,SOLANA CIR,N,A,N,3,0,1,2,A,N,B,G,A,A,H,A,A,Y,,L,4,0,1,0,0,1,SOLANA BEACH
6975637,2015,2015-07-06,3711,2015-06-20,1034,,6,7,LA JOLLA BL,SEA RIDGE DR,N,A,N,3,0,1,2,A,N,D,G,A,A,H,A,A,Y,,-,,0,1,0,0,1,SAN DIEGO
4772374,2010,2011-05-11,3710,2010-05-27,1700,,4,6,DARWIN,SUNGLOW DR,Y,A,N,3,0,1,2,D,N,D,G,A,A,H,A,D,Y,,-,- ,0,1,0,0,1,OCEANSIDE
4181250,2009,2009-11-12,3711,2009-03-19,1745,,4,7,LA JOLLA BL,SEA RIDGE DR,Y,A,N,3,0,1,2,A,N,D,G,A,A,H,A,A,Y,,L,4,0,1,0,0,1,SAN DIEGO
7195924,2016,2016-03-04,3700,2016-01-29,1318,,5,2,VIA DE LA VALLE,SOLANA CIR,Y,A,N,3,0,1,2,A,N,D,G,A,A,B,A,D,Y,,L,4,0,1,0,0,1,DEL MAR
5975018,2012,2013-12-14,3700,2012-10-26,2049,,5,5,ENCINITAS BL,VIA CANTEBRIA,N,A,N,3,0,1,1,A,N,H,-,A,A,H,D,D,Y,Y,L,4,0,1,0,0,1,ENCINITAS
7010521,2015,2015-08-04,3711,2015-07-22,1850,,3,7,LA JOLLA BL,CARLA WY,N,A,N,3,0,1,2,A,N,B,G,A,A,H,A,A,Y,,L,4,0,1,0,0,1,SAN DIEGO
4326331,2009,2009-12-17,3700,2009-04-25,944,,6,2,MAIDEN LN,14TH ST,N,A,N,3,0,1,2,A,N,D,G,A,A,E,A,D,Y,,L,4,0,1,0,0,1,DEL MAR
4755975,2011,2012-05-10,3700,2011-04-07,1722,,4,2,CAMINO DEL MAR,12TH ST,N,A,N,4,0,1,2,A,N,D,G,A,A,H,A,D,Y,,A,1,0,0,1,0,1,DEL MAR
6900271,2015,2015-05-11,3711,2015-03-21,1315,,6,7,TORREY PINES RD,AMALFI ST,N,A,N,3,0,1,1,C,N,F,A,A,A,A,A,D,Y,,-,- ,0,1,0,0,1,SAN DIEGO
5358754,2011,2012-12-18,3711,2011-10-14,1849,,5,7,NAUTILUS ST,W MUIRLANDS DR,Y,B,N,4,0,1,2,A,N,B,G,A,A,H,C,A,Y,,A,1,0,0,1,0,1,SAN DIEGO
4672060,2010,2011-02-16,3700,2010-03-14,1658,,7,2,VIA DE LA VALLE,SOLANA CIR,N,A,N,3,0,1,2,A,N,D,G,A,A,H,A,A,Y,,A,1,0,1,0,0,1,DEL MAR
6370787,2013,2014-05-12,3700,2013-12-14,1534,,6,2,CAMINO DEL MAR,11TH ST,Y,A,N,3,0,1,2,A,N,-,G,A,A,H,A,A,Y,,L,4,0,1,0,0,1,DEL MAR
8372657,2017,2017-05-30,3710,2017-05-10,1235,36,3,6,MELROSE DR,MEADOWBROOK DR,N,B,N,3,0,2,2,A,N,B,G,A,A,H,A,D,Y,,A,1,0,1,1,0,1,OCEANSIDE
6668183,2014,2014-10-27,3701,2014-09-12,1601,119,5,5,EL CAMINIO REAL,CALLE BARCELONA,N,A,N,3,0,1,2,A,N,B,G,A,A,H,A,D,Y,,L,4,0,1,0,0,1,CARLSBAD
5582644,2012,2013-07-20,3700,2012-03-10,1100,,6,2,CAMINO DEL MAR,10TH ST,N,A,N,3,0,1,2,A,N,H,G,A,A,H,A,D,Y,,A,1,0,1,0,0,1,DEL MAR
5125878,2011,2012-04-13,3700,2011-02-02,1149,,3,2,CAMINO DEL MAR,10TH ST,N,A,N,4,0,1,2,A,N,B,G,A,A,H,A,D,Y,,A,1,0,0,1,0,1,DEL MAR
9062730,2020,2020-06-16,3711,2020-02-25,1224,,2,7,LA JOLLA HERMOSA AV,CARLA WY,Y,A,N,3,0,1,2,A,N,D,G,A,A,H,A,D,Y,,A,1,0,1,0,0,1,SAN DIEGO
4429289,2009,2010-05-21,3700,2009-09-05,1147,,6,2,CAMINO DEL MAR,10TH ST,Y,A,N,3,0,1,2,A,N,D,G,A,A,H,A,D,Y,,A,1,0,1,0,0,1,DEL MAR
8101362,2016,2016-08-18,3711,2016-07-31,1149,,7,7,MUIRLANDS DR,NAUTILUS ST,Y,A,N,3,0,1,1,A,N,H,-,A,A,H,A,A,Y,,L,4,0,1,0,0,1,SAN DIEGO
6517700,2014,2014-08-07,3711,2014-06-11,700,SANDI,3,7,NAUTILUS ST,MUIRLANDS WY,N,A,N,3,0,1,1,A,N,-,A,A,A,H,A,D,Y,,L,4,0,1,0,0,1,SAN DIEGO
8358544,2017,2017-05-04,3700,2017-03-21,1606,,2,2,CAMINO DEL MAR,9TH ST,N,A,N,4,0,1,2,A,N,D,G,A,A,H,A,D,Y,,A,1,0,0,1,0,1,DEL MAR
6508370,2014,2014-07-21,3700,2014-04-07,1456,,1,2,CAMINO DEL MAR,9TH ST,N,A,N,4,0,1,2,A,N,D,G,A,A,H,A,D,Y,,A,1,0,0,1,0,1,DEL MAR
7164411,2015,2016-02-02,3700,2015-12-15,1543,,2,5,WITHAM RD,CREST DR,N,A,N,3,0,1,2,A,N,A,G,A,A,H,A,D,Y,,L,4,0,1,0,0,1,ENCINITAS
4755956,2011,2012-05-10,3700,2011-04-22,1308,,5,5,EL CAMINO REAL,GARDEN VIEW RD,N,A,N,3,0,1,2,A,N,E,G,A,A,H,-,D,Y,,L,4,0,1,0,0,1,ENCINITAS
6149649,2013,2014-02-27,3700,2013-05-22,1511,,3,5,NORTH EL CAMINO REAL,GARDEN VIEW RD,N,A,N,3,0,1,2,A,N,A,G,A,A,H,A,A,Y,,L,4,0,1,0,0,1,ENCINITAS
4868308,2010,2011-08-16,3701,2010-08-28,1014,119,6,5,EL CAMINIO REAL,CALLE BARCELONA,N,A,N,3,0,2,2,A,N,F,A,A,A,H,A,D,Y,,L,4,0,2,0,0,2,CARLSBAD
4972969,2010,2011-11-04,3700,2010-10-22,1630,,5,5,NORTH EL CAMINO REAL,GARDEN VIEW RD,N,A,N,2,0,1,2,A,N,D,G,A,A,H,A,D,Y,,A,1,1,0,0,0,1,ENCINITAS
4186378,2009,2009-10-01,3700,2009-02-28,1122,,6,3,LOMAS SANTA FE DR,STEVENS  AV,Y,A,N,2,0,1,2,A,N,H,G,A,A,H,A,A,Y,,A,1,1,0,0,0,1,SOLANA BEACH
6125121,2013,2014-03-04,3711,2013-06-24,615,,1,7,LA JOLLA HERMOSA AV,KIRKWOOD PLACE RD,N,B,N,3,0,1,1,A,N,E,-,A,A,H,A,D,Y,,L,4,0,1,0,0,1,SAN DIEGO
6954472,2015,2015-07-02,3700,2015-05-27,1532,,3,5,ENCINITAS BL,BEECHTREE DR,N,A,N,4,0,1,2,A,N,D,G,A,A,H,A,D,Y,,L,4,0,0,1,0,1,ENCINITAS
8565615,2018,2018-03-09,3700,2018-01-15,1437,,1,5,NORTH EL CAMINO REAL,TOWN CENTER DR,N,A,N,3,0,1,2,A,N,B,G,A,A,H,A,D,Y,,A,1,0,1,0,0,1,ENCINITAS
5068952,2011,2012-02-28,3700,2011-01-18,1315,,2,5,NORTH EL CAMINO REAL,TOWN CENTER DR,N,A,N,3,0,1,2,A,N,D,G,A,A,H,A,D,Y,,A,1,0,1,0,0,1,ENCINITAS
8888333,2019,2019-07-09,3711,2019-03-26,1707,,2,7,TORREY PINES RD,PRINCESS ST,Y,A,N,3,0,1,2,A,N,D,G,A,A,H,A,D,Y,,-,,0,1,0,0,1,SAN DIEGO
6745239,2014,2014-12-29,3700,2014-10-18,2129,,6,3,STEVENS  AV,LOMAS SANTA FE DR,N,A,N,2,0,1,2,A,F,C,G,A,A,H,C,A,Y,Y,A,1,1,0,0,0,1,SOLANA BEACH
6582395,2014,2014-08-20,3711,2014-07-16,1937,SANDI,3,7,LA JOLLA BL,TURQUOISE,N,A,N,4,0,1,2,A,N,D,G,A,A,H,A,D,Y,,L,4,0,0,1,0,1,SAN DIEGO
8402229,2017,2017-07-17,3701,2017-06-28,1017,,3,5,LEVANTE ST,ANILLO WY,N,A,N,3,0,1,2,A,N,C,G,A,A,H,A,D,Y,,A,1,0,1,0,0,1,CARLSBAD
4944440,2010,2011-10-10,3700,2010-09-14,1513,,2,3,STEVENS AV,SAN RODOLFO DR,N,A,N,4,0,1,1,A,N,E,I,A,A,H,A,D,Y,,L,4,0,0,1,0,1,SOLANA BEACH
8524297,2017,2018-01-11,3700,2017-11-21,1021,,2,5,NORTH EL CAMINO REAL,OLIVENHAIN RD,Y,A,N,4,0,1,2,A,N,-,G,A,A,H,A,A,Y,Y,L,4,0,0,1,0,1,ENCINITAS
8994310,2019,2019-12-12,3700,2019-10-14,1343,,1,5,ENCINITAS BL,EL CAMINIO REAL,N,A,N,3,0,1,2,A,N,B,G,A,A,H,A,D,Y,,A,1,0,1,0,0,1,ENCINITAS
5446541,2011,2013-02-05,3710,2011-12-31,1725,,6,6,SANTA FE AV,MELROSE DR,N,E,N,3,0,1,3,A,N,C,G,A,A,H,C,A,Y,,L,4,0,1,0,0,1,OCEANSIDE
5287077,2011,2012-12-05,3711,2011-08-04,1555,,4,7,TOURMALINE ST,TOURMALINE PARK,N,A,N,3,0,1,1,A,N,E,J,A,A,H,A,D,Y,Y,L,4,0,1,0,0,1,SAN DIEGO
8713541,2018,2018-10-22,3700,2018-08-09,1359,,4,5,VIA MONTORO,EL CAMINIO REAL,N,A,N,3,0,1,2,A,N,D,G,A,A,H,A,D,Y,,A,1,0,1,0,0,1,ENCINITAS
4568681,2009,2010-09-03,3710,2009-11-21,1530,,6,6,OLD RANCH DR,SPRING CREEK LN,N,A,N,3,0,1,2,A,F,C,G,A,A,H,A,A,Y,,L,4,0,1,0,0,1,OCEANSIDE
4267687,2009,2010-01-28,3700,2009-04-17,1721,,5,2,CAMINO DEL MAR,LA AMATISTA RD,Y,A,N,2,0,2,3,A,N,D,G,A,A,H,A,A,Y,,A,1,1,0,1,0,2,DEL MAR
6447140,2014,2014-07-17,3711,2014-04-05,2142,,6,7,LA JOLLA BL,SEA RIDGE DR,N,A,N,4,0,1,1,-,N,H,A,A,A,H,C,D,Y,Y,-,- ,0,0,1,0,1,SAN DIEGO
9140152,2020,2020-08-25,3700,2020-06-26,1212,,5,5,NORTH EL CAMINO REAL,VIA MONTORO,N,A,N,2,0,1,2,A,N,D,G,A,A,H,A,D,Y,,A,7,1,0,0,0,1,ENCINITAS
4886623,2010,2011-10-10,3711,2010-09-18,1830,,6,7,HILLSIDE DR,TORREY PINES RD,N,B,N,3,0,1,1,A,N,-,G,A,A,H,A,D,Y,,L,4,0,1,0,0,1,SAN DIEGO
8675712,2018,2018-08-29,3700,2018-07-28,1115,,6,2,CAMINO DEL MAR,DEL MAR HEIGHTS,N,A,N,3,0,1,2,A,N,B,G,A,A,H,A,D,Y,,L,4,0,1,0,0,1,DEL MAR
8174208,2016,2016-12-13,3700,2016-09-13,1106,,2,5,NORTH EL CAMINO REAL,VIA MONTORO,N,A,N,4,0,1,2,A,N,B,G,A,A,H,A,A,Y,,L,4,0,0,1,0,1,ENCINITAS
8745057,2018,2018-12-10,3711,2018-10-25,1135,,4,7,N TORREY PINES,CARMEL VALLEY,N,A,N,2,0,1,2,A,N,D,G,A,A,H,A,D,Y,,A,1,1,0,0,0,1,SAN DIEGO
6790190,2015,2015-02-24,3711,2015-01-07,1223,,3,7,NORTH TORREY PINES RD,CARMEL VALLEY RD,N,A,N,3,0,1,2,A,N,C,G,A,A,H,A,D,Y,,L,4,0,1,0,0,1,SAN DIEGO
8172088,2016,2016-12-01,3711,2016-11-12,1120,SDPD,6,7,NORTH TORREY PINES RD,CARMEL VALLEY RD,N,A,N,3,0,3,3,A,N,D,G,A,A,H,A,D,Y,,-,,0,2,1,0,2,SAN DIEGO
8571462,2018,2018-03-14,3711,2018-02-25,1410,,7,7,13000 NORTH TORREY PINES RD,NORTH TORREY PINES RD,N,A,N,2,0,1,2,A,N,D,G,A,A,H,A,D,Y,,A,1,1,0,0,0,1,SAN DIEGO
6017498,2013,2014-01-27,3700,2013-02-05,909,,2,2,CAMINO DEL MAR,TORREY PINES RD,N,A,N,3,0,1,1,D,N,H,A,A,A,H,A,D,Y,,-,- ,0,1,0,0,1,DEL MAR
5582648,2012,2013-07-20,3700,2012-03-31,951,,6,2,CAMINO DEL MAR,CARMEL VALLEY RD,N,A,N,3,0,1,1,A,N,H,G,A,A,H,A,A,Y,,L,4,0,1,0,0,1,DEL MAR
4409019,2009,2010-05-13,3700,2009-08-11,1646,,2,5,VIA MOLENA,NORTH EL CAMINO REAL,N,A,N,3,0,1,1,A,N,E,I,A,A,H,A,D,Y,,L,4,0,1,0,0,1,ENCINITAS
5150624,2011,2012-04-18,3700,2011-03-14,1158,,1,2,CAMINO DEL MAR,CARMEL VALLEY RD,N,A,N,4,0,1,2,A,N,B,G,A,A,H,A,D,Y,,L,4,0,0,1,0,1,DEL MAR
5344367,2011,2012-12-13,3711,2011-09-11,1025,,7,7,NORTH TORREY PINES RD,CARMEL VALLEY RD,N,A,N,3,0,1,2,A,N,D,G,A,A,H,A,D,Y,,L,4,0,1,0,0,1,SAN DIEGO
8376909,2017,2017-06-01,3700,2017-04-09,1243,,7,2,CAMINO DEL MAR,CARMEL VALLEY RD,N,A,N,3,0,1,2,A,N,C,G,A,A,H,A,D,Y,,A,7,0,1,0,0,1,DEL MAR
5362937,2011,2012-12-13,3700,2011-09-10,1423,,6,2,CAMINO DEL MAR,CARMEL VALLEY RD,N,A,N,3,0,1,2,A,N,B,G,A,A,H,A,D,Y,,L,4,0,1,0,0,1,DEL MAR
6220443,2013,2014-04-25,3700,2013-07-25,910,,4,2,NORTH TORREY PINES RD,CARMEL VALLEY RD,N,A,N,2,0,1,1,C,N,H,I,A,A,D,A,D,Y,,-,- ,1,0,0,0,1,DEL MAR
8565643,2018,2018-03-09,3700,2018-01-06,1036,,6,2,CAMINO DEL MAR,CARMEL VALLEY RD,N,A,N,4,0,1,2,A,N,D,G,A,A,H,A,D,Y,,A,1,0,0,1,0,1,DEL MAR
8921667,2019,2019-09-04,3700,2019-07-02,1220,,2,2,CAMINO DEL MAR,CARMEL VALLEY RD,N,A,N,4,0,1,2,A,N,D,G,A,A,H,A,A,Y,,A,1,0,0,1,0,1,DEL MAR
9095982,2020,2020-06-10,3700,2020-02-03,704,,1,2,CAMINO DEL MAR,CARMEL VALLEY RD,Y,A,N,3,0,1,1,A,N,H,A,A,A,H,A,A,Y,,L,4,0,1,0,0,1,DEL MAR
9118588,2020,2020-09-09,3711,2020-06-20,1613,,6,7,NORTH TORREY PINES RD,CARMEL VALLEY RD,N,A,N,3,0,1,2,A,N,C,G,A,A,H,A,D,Y,,A,1,0,1,0,0,1,SAN DIEGO
4944456,2010,2011-10-10,3700,2010-09-22,1729,,3,2,NORTH TORREY PINES RD,CARMEL VALLEY RD,N,A,N,3,0,1,2,A,N,C,G,A,A,B,A,A,Y,,A,1,0,1,0,0,1,DEL MAR
8388170,2017,2017-06-14,3711,2017-06-04,847,,7,7,TORREY PINES RD,CARMEL VALLEY RD,N,E,N,4,0,1,1,D,N,F,G,A,A,-,A,D,Y,,-,- ,0,0,1,0,1,SAN DIEGO
8475971,2017,2017-11-08,3711,2017-10-10,1150,,2,7,TORRERY PINES RD,CARMEL VALLEY RD,-,A,N,4,0,1,2,A,N,D,-,A,-,H,A,D,Y,,L,4,0,0,1,0,1,SAN DIEGO
6584650,2014,2014-09-03,3700,2014-06-11,1252,,3,2,CAMINO DEL MAR,CARMEL VALLEY RD,N,A,N,3,0,1,2,A,N,D,G,A,A,H,A,-,Y,,A,1,0,1,0,0,1,DEL MAR
6632629,2014,2014-09-26,3700,2014-07-06,1117,,7,2,CAMINO DEL MAR,CARMEL VALLEY RD,N,A,N,2,0,1,1,A,N,E,I,A,A,H,A,D,Y,,L,4,1,0,0,0,1,DEL MAR
5465674,2011,2013-02-02,3700,2011-12-31,1328,,6,2,CAMINO DEL MAR,CARMEL VALLEY RD,N,A,N,3,0,1,2,A,N,C,G,A,A,H,A,D,Y,,A,7,0,1,0,0,1,DEL MAR
5677253,2012,2013-08-31,3700,2012-05-01,1350,,2,2,CAMINO DEL MAR,4TH ST,N,A,N,4,0,1,2,A,N,H,G,A,A,H,A,A,Y,,L,4,0,0,1,0,1,DEL MAR
8903506,2019,2019-08-01,3700,2019-06-26,1459,,3,2,CAMINO DEL MAR,DEL MAR HEIGHTS,Y,A,N,3,0,1,2,A,N,B,G,A,A,H,A,A,Y,,L,4,0,1,0,0,1,DEL MAR
5829010,2012,2013-12-05,3701,2012-09-02,1319,118,7,5,PALACIO DR,VUELTA CT,Y,A,N,2,0,1,1,D,N,H,A,A,A,-,A,D,Y,,-,- ,1,0,0,0,1,CARLSBAD
5069009,2011,2012-01-27,3700,2011-01-11,1126,,2,5,NORTH EL CAMINO REAL,MOUNTAIN VISTA DR,N,A,N,4,0,1,2,A,N,C,G,A,A,H,A,A,Y,,L,4,0,0,1,0,1,ENCINITAS
4239279,2009,2010-02-11,3700,2009-04-16,1442,,4,5,HACIENDA DR,BREEZE HILL RD,Y,A,N,4,0,1,2,A,N,B,G,A,A,H,A,D,Y,,L,4,0,0,1,0,1,VISTA
8986503,2019,2019-12-11,3700,2019-09-14,1026,,6,2,DEL MAR HEIGHTS RD,CAMINO DEL MAR,N,A,N,2,0,1,1,A,N,H,A,A,A,H,A,A,Y,,L,4,1,0,0,0,1,DEL MAR
8488203,2017,2017-11-22,3700,2017-09-09,1108,,6,2,CAMINO DEL MAR,CARMEL VALLEY RD,N,A,N,2,0,1,1,D,N,H,I,A,A,A,A,D,Y,,-,- ,1,0,0,0,1,DEL MAR
8914764,2019,2019-08-09,3711,2019-06-30,1621,,7,7,TURQUOISE ST,WRELTON,N,A,N,4,0,1,2,A,N,A,G,A,A,H,A,D,Y,,A,1,0,0,1,0,1,SAN DIEGO
6995639,2015,2015-08-03,3700,2015-06-11,1853,,4,3,LOMAS SANTA FE DR,LOMAS SANTA FE DR 607,Y,A,N,3,0,1,2,A,N,D,G,A,A,H,A,D,Y,,A,1,0,1,0,0,1,SOLANA BEACH
6666672,2014,2014-11-13,3700,2014-09-23,1320,,2,3,LOMAS SANTA FE,SOLANA HILLS,N,A,N,4,0,1,2,A,N,B,-,A,A,H,A,-,Y,,A,1,0,0,1,0,1,SOLANA BEACH
9066713,2020,2020-07-06,3711,2020-02-13,1412,,4,7,LA JOLLA MESA DR,COLIMA ST,Y,A,N,3,0,1,2,A,N,H,G,A,A,H,A,D,Y,,A,1,0,1,0,0,1,SAN DIEGO
4941325,2010,2011-11-14,3711,2010-10-27,810,,3,7,NAUTILUS ST,VIA VALVERDE,N,A,N,4,0,1,2,A,N,D,G,A,A,G,A,D,Y,,A,,0,0,1,0,1,SAN DIEGO
8972941,2019,2020-02-21,3711,2019-10-22,1623,,2,7,LORING ST,PACIFIC VIEW DR,N,A,N,3,0,1,1,C,N,H,B,A,A,G,A,D,Y,,-,- ,0,1,0,0,1,SAN DIEGO