CASE_ID,ACCIDENT_YEAR,PROC_DATE,JURIS,COLLISION_DATE,COLLISION_TIME,REPORTING_DISTRICT,DAY_OF_WEEK,POPULATION,PRIMARY_RD,SECONDARY_RD,INTERSECTION,WEATHER_1,STATE_HWY_IND,COLLISION_SEVERITY,NUMBER_KILLED,NUMBER_INJURED,PARTY_COUNT,PRIMARY_COLL_FACTOR,HIT_AND_RUN,TYPE_OF_COLLISION,MVIW,PED_ACTION,ROAD_SURFACE,ROAD_COND_1,LIGHTING,CONTROL_DEVICE,BICYCLE_ACCIDENT,ALCOHOL_INVOLVED,STWD_VEHTYPE_AT_FAULT,CHP_VEHTYPE_AT_FAULT,COUNT_SEVERE_INJ,COUNT_VISIBLE_INJ,COUNT_COMPLAINT_PAIN,COUNT_BICYCLIST_KILLED,COUNT_BICYCLIST_INJURED,CITY
6795815,2015,2015-02-23,3711,2015-01-18,1346,,7,7,OCEAN FRONT WALK,EL CARMEL PL,Y,A,N,3,0,1,2,A,N,B,G,A,A,H,A,D,Y,,L,4,0,1,0,0,1,SAN DIEGO
8045587,2016,2016-05-26,3701,2016-05-14,1340,81,6,5,GATEWAY RD,EL FUERTE ST,N,B,N,4,0,1,2,A,N,D,G,A,A,H,A,A,Y,,A,1,0,0,1,0,1,CARLSBAD
8905436,2019,2019-11-20,3711,2019-08-11,1015,,7,7,MISSION BL,SEAGIRT CT,Y,A,N,3,0,1,2,A,N,C,G,A,A,H,A,D,Y,,L,4,0,1,0,0,1,SAN DIEGO
8666479,2018,2018-08-08,3711,2018-07-13,2240,,5,7,DAWES ST,TOURMALINE ST,N,A,N,3,0,1,1,D,N,H,-,A,A,H,D,D,Y,Y,-,- ,0,1,0,0,1,SAN DIEGO
5435956,2011,2013-01-30,3711,2011-12-03,56,,6,7,GRAND AV,BAYARD ST,N,A,N,3,0,1,2,A,N,D,G,A,A,H,C,A,Y,Y,A,1,0,1,0,0,1,SAN DIEGO
5453732,2011,2013-01-26,3711,2011-12-24,238,,6,7,BAYARD ST,GRAND AV,Y,A,N,3,0,1,2,A,N,H,G,A,A,H,C,A,Y,,-,- ,0,1,0,0,1,SAN DIEGO
4781980,2010,2011-06-21,3711,2010-06-14,1259,,1,7,BAYARD AV,GRAND AV,N,B,N,3,0,1,2,A,N,D,G,A,A,H,A,D,Y,,L,4,0,1,0,0,1,SAN DIEGO
4180788,2009,2009-11-17,3711,2009-03-29,2024,,7,7,OCEAN FRONT WALK,SANTA BARBARA PL,N,A,N,4,0,1,1,A,N,E,I,A,A,H,C,D,Y,Y,L,4,0,0,1,0,1,SAN DIEGO
6865952,2015,2015-04-09,3711,2015-03-23,1926,SANDI,1,7,GARNET AV,BAYARD ST,N,A,N,3,0,1,2,A,M,B,G,A,A,H,C,D,Y,,-,,0,1,0,0,1,SAN DIEGO
6079486,2013,2014-02-19,3710,2013-04-12,715,,5,6,MELROSE DR,CANNON RD,N,A,N,4,0,1,2,A,N,H,G,A,A,H,A,D,Y,,L,4,0,0,1,0,1,OCEANSIDE
5634766,2012,2013-09-20,3711,2012-05-27,2022,,7,7,OCEAN FRONT WALK,OCEAN FRONT WALK 3300,N,A,N,3,0,1,1,A,N,H,-,A,A,H,C,D,Y,Y,L,4,0,1,0,0,1,SAN DIEGO
8876191,2019,2019-06-12,3711,2019-05-23,1857,,4,7,OCEAN FRONT WALK,SANTA BARBARA PL,Y,A,N,4,0,1,2,A,M,B,G,A,A,B,A,D,Y,,-,,0,0,1,0,1,SAN DIEGO
5893827,2012,2014-03-20,3711,2012-11-27,1120,,2,7,VIA CAPRI,VIA SIENNA,Y,A,N,3,0,1,2,A,N,D,G,A,A,H,A,D,Y,,L,4,0,1,0,0,1,SAN DIEGO
4413255,2009,2010-06-17,3711,2009-09-07,249,,1,7,BAYSIDE LN,SAN RAFAEL PL,Y,A,N,3,0,1,2,A,N,D,C,A,A,H,C,A,Y,Y,L,,0,1,0,0,1,SAN DIEGO
6978938,2015,2015-07-07,3711,2015-06-18,1943,,4,7,OCEAN FRONT WALK,ISTHMUS CT,Y,A,N,3,0,1,1,A,N,E,I,A,A,H,A,D,Y,,L,4,0,1,0,0,1,SAN DIEGO
5988171,2013,2014-02-10,3711,2013-03-02,830,,6,7,NORTH TORREY PINES RD,NATIONAL UNIVERSITY DRIVEWAY S,N,A,N,2,0,1,1,A,N,H,A,A,A,C,A,D,Y,,L,4,1,0,0,0,1,SAN DIEGO
4383544,2009,2010-05-10,3711,2009-08-31,740,,1,7,MISSION BL,SAN JOSE PL,N,B,N,4,0,1,2,A,N,B,G,A,A,H,B,A,Y,,-,- ,0,0,1,0,1,SAN DIEGO
6168113,2013,2014-02-22,3711,2013-05-03,1840,,5,7,MISSION BL,MISSION BL 3800,N,A,N,3,0,1,2,A,N,A,G,A,A,H,A,D,Y,,A,,0,1,0,0,1,SAN DIEGO
6928951,2015,2015-06-17,3711,2015-05-12,2016,,2,7,MISSION,SAN JOSE ST,Y,A,N,4,0,1,2,A,N,G,B,A,A,H,B,-,Y,,A,1,0,0,1,0,1,SAN DIEGO
4752753,2011,2012-07-06,9650,2011-05-26,1650,,4,9,SOUTH MISSION RD,AMMUNITION RD,N,A,N,3,0,1,2,A,N,H,G,A,A,H,A,D,Y,Y,L,4,0,1,0,0,1,UNINCORPORATED
4095133,2009,2009-10-07,3711,2009-02-04,1425,,3,7,VENTURA PL,STRAND WY,N,A,N,3,0,1,2,-,N,D,G,A,A,H,A,D,Y,,-,- ,0,1,0,0,1,SAN DIEGO
5302022,2011,2012-12-04,9650,2011-08-19,755,,5,9,FALLBROOK ST,SOUTH MISSION RD,N,B,N,3,0,1,3,A,N,H,G,A,A,H,A,D,Y,,A,1,0,1,0,0,1,UNINCORPORATED
6439779,2014,2014-07-01,3711,2014-03-21,1558,3771,5,7,PACIFIC BEACH DR,MISSION BL,N,A,N,4,0,1,1,A,N,E,-,A,A,G,A,-,Y,,L,4,0,0,1,0,1,SAN DIEGO
6947489,2015,2015-06-27,3711,2015-05-30,10,N2,6,7,PACIFIC BEACH DR,MISSION BL,N,A,N,3,0,1,1,A,N,H,-,A,A,H,C,D,Y,Y,L,4,0,1,0,0,1,SAN DIEGO
8313043,2017,2017-03-03,3711,2017-02-08,1846,,3,7,VIA CAPRI,VIA SIENA,N,E,N,4,0,1,2,A,M,H,G,A,A,H,D,D,Y,,-,,0,0,1,0,1,SAN DIEGO
5862718,2012,2013-12-18,3711,2012-10-18,2221,,4,7,BAYARD AV,THOMAS AV,N,A,N,2,0,1,1,A,N,F,A,A,A,H,C,D,Y,,L,4,1,0,0,0,1,SAN DIEGO
4529466,2009,2010-08-31,3700,2009-11-17,1154,,2,5,CERRO ST,ENCINITAS BL,Y,A,N,4,0,1,2,A,N,D,G,A,A,H,A,A,Y,,L,4,0,0,1,0,1,ENCINITAS
4189224,2009,2009-11-18,3701,2009-03-19,809,81,4,5,PALOMAR AIRPORT RD,EL FUERTE ST,Y,E,N,3,0,1,2,A,N,D,G,A,A,H,B,A,Y,,A,1,0,1,0,0,1,CARLSBAD
8072099,2016,2016-06-29,3711,2016-06-19,1925,,7,7,MISSION BL,REDONDO CT,N,A,N,4,0,1,2,A,N,D,G,A,A,H,B,D,Y,,L,4,0,0,1,0,1,SAN DIEGO
4800272,2010,2011-07-29,3711,2010-07-02,120,MISSI,5,7,MISSION BL,SAN JOSE PL,N,A,N,3,0,1,2,A,N,H,G,A,A,H,C,D,Y,Y,L,4,0,1,0,0,1,SAN DIEGO
6978496,2015,2015-07-13,3710,2015-06-30,1322,,2,6,MELROSE,CANNON,N,B,N,4,0,1,2,A,N,H,A,A,A,H,A,A,Y,,L,4,0,0,1,0,1,OCEANSIDE
6004066,2013,2014-01-30,3711,2013-02-03,1143,,7,7,TORREY PINES RD,CAMINO DEL CID,N,A,N,4,0,1,2,A,N,B,G,A,A,H,A,D,Y,,A,1,0,0,1,0,1,SAN DIEGO
8141980,2016,2016-10-13,3711,2016-10-01,1622,SANDI,6,7,THOMAS AV,BAYARD ST,N,A,N,4,0,1,2,A,N,D,G,A,A,H,A,D,Y,,L,4,0,0,1,0,1,SAN DIEGO
6442953,2014,2014-07-16,3711,2014-03-28,205,,5,7,OCEAN FRONT WALK,SAN FERNANDO PL,N,A,N,4,0,1,1,A,N,H,-,A,A,H,C,D,Y,Y,L,4,0,0,1,0,1,SAN DIEGO
4894821,2010,2011-11-17,3711,2010-10-08,1035,,5,7,STRAND WY,SANTA BARBARA PL,N,A,N,3,0,1,2,A,N,D,G,A,A,H,A,D,Y,,L,4,0,1,0,0,1,SAN DIEGO
8616438,2018,2018-05-23,3711,2018-05-06,1555,,7,7,MISSION BL,QUEENSTOWN CT,N,A,N,3,0,1,2,A,N,C,G,A,A,H,A,D,Y,,-,,0,1,0,0,1,SAN DIEGO
5115776,2011,2012-04-26,3711,2011-03-03,1747,,4,7,MISSION BL,QUEENSTOWN,N,B,N,4,0,1,2,A,N,D,G,A,A,H,C,D,Y,,L,4,0,0,1,0,1,SAN DIEGO
4142989,2009,2009-10-30,3711,2009-03-09,2345,,1,7,SUNSET CLIFFS BL,ORCHARD AV,N,A,N,2,0,1,1,B,N,H,-,A,A,H,C,A,Y,,L,4,1,0,0,0,1,SAN DIEGO
8481301,2017,2017-12-01,3711,2017-10-18,746,,3,7,ARCHER ST,EVERTS ST,Y,A,N,2,0,1,2,A,N,D,G,A,A,H,A,A,Y,,A,7,1,0,0,0,1,SAN DIEGO
8405935,2017,2017-07-20,3711,2017-07-04,1330,SAN D,2,7,NEWPORT AV,ABBOTT,N,A,N,4,0,1,2,A,N,D,C,A,A,H,A,D,Y,Y,L,4,0,0,1,0,1,SAN DIEGO
8676144,2018,2018-10-25,3711,2018-08-02,715,,4,7,MISSION BL,EL CARMEL PL,N,A,N,3,0,1,2,A,N,H,A,A,A,H,A,A,Y,,-,- ,0,1,0,0,1,SAN DIEGO
8913841,2019,2019-08-08,3711,2019-07-22,2156,,1,7,MISSION BL,EL CARMEL PL,Y,A,N,4,0,1,2,D,N,D,G,A,A,H,C,A,Y,,-,- ,0,0,1,0,1,SAN DIEGO
9014906,2019,2020-02-08,3711,2019-12-07,1520,,6,7,MISSION BL,EL CARMEL PL,Y,B,N,3,0,1,2,A,N,H,G,A,B,H,A,D,Y,,A,1,0,1,0,0,1,SAN DIEGO
4819020,2010,2011-07-07,3711,2010-07-24,1339,,6,7,CASS ST,DIAMOND ST,N,A,N,4,0,1,2,A,N,D,-,A,A,H,A,D,Y,,-,- ,0,0,1,0,1,SAN DIEGO
8438147,2017,2017-10-03,3711,2017-07-20,1257,SAN D,4,7,VENTURA PL,MISSION BL,N,A,N,4,0,1,2,A,M,A,G,A,A,-,A,D,Y,,-,,0,0,1,0,1,SAN DIEGO
6909241,2015,2015-05-15,3711,2015-04-30,1234,,4,7,ABBOTT,NEWPORT AV,N,-,N,3,0,1,1,A,N,H,A,A,-,-,-,D,Y,Y,L,4,0,1,0,0,1,SAN DIEGO
4905057,2010,2011-09-20,3711,2010-09-08,1147,,3,7,ABBOTT ST,ABBOTT ST 1900,N,A,N,3,0,2,3,A,N,D,G,A,A,H,A,D,Y,,L,4,0,1,1,0,1,SAN DIEGO
5278707,2011,2012-12-06,3711,2011-08-03,2319,,3,7,BAYSIDE WALK,MISSION BL,N,B,N,2,0,1,2,-,N,A,G,A,A,B,D,D,Y,,-,- ,1,0,0,0,1,SAN DIEGO
5069309,2011,2012-04-13,3711,2011-02-02,1420,,3,7,ABBOTT ST,NEWPORT,Y,A,N,4,0,1,2,A,N,D,G,A,A,H,A,D,Y,,-,- ,0,0,1,0,1,SAN DIEGO
5511747,2012,2013-07-12,3711,2012-02-05,2347,SD,7,7,MISSION BL,SAN JUAN PL,N,A,N,3,0,1,1,A,N,E,I,A,A,H,C,A,Y,Y,L,4,0,1,0,0,1,SAN DIEGO
4360901,2009,2010-05-04,3711,2009-08-15,1645,,6,7,NEWPORT AV,NEWPORT ST,N,A,N,2,0,1,1,A,N,H,G,A,A,H,A,D,Y,Y,L,4,1,0,0,0,1,SAN DIEGO
4301577,2009,2010-03-05,3711,2009-06-29,1303,,1,7,MISSION BL,SAN JUAN PL,N,B,N,4,0,1,2,A,N,D,G,A,A,H,A,A,Y,,L,4,0,0,1,0,1,SAN DIEGO
7053092,2015,2015-09-19,3711,2015-08-29,1144,,6,7,MISSION BL,SANTA CLARA PL,N,A,N,4,0,1,1,A,N,F,G,A,A,H,A,D,Y,,L,4,0,0,1,0,1,SAN DIEGO
8172356,2016,2016-12-01,3711,2016-11-14,1509,SANDI,1,7,EVERTS ST,VAN NUYS ST,N,A,N,3,0,1,2,A,N,A,G,A,A,H,A,D,Y,,-,,0,1,0,0,1,SAN DIEGO
6495515,2014,2014-07-25,3711,2014-05-28,943,,3,7,FROUDE ST,TIVOLI ST,Y,B,N,3,0,1,2,A,N,D,G,A,A,H,A,A,Y,,L,4,0,1,0,0,1,SAN DIEGO
6173896,2013,2014-04-05,3711,2013-08-20,1539,SDPD,2,7,MISSION BL,MISSION BL 3700,Y,A,N,3,0,1,2,A,N,-,G,A,A,H,A,D,Y,,L,4,0,1,0,0,1,SAN DIEGO
7025989,2015,2015-09-03,3711,2015-08-04,1208,,2,7,MISSION BL,ORMOND CT,N,A,N,3,0,1,3,A,N,D,G,A,A,G,A,D,Y,,-,,0,1,0,0,1,SAN DIEGO
8087571,2016,2016-07-25,3711,2016-07-12,2210,,2,7,EMERALD ST,CASS ST,N,B,N,3,0,1,2,A,N,D,G,A,A,H,D,D,Y,,A,1,0,1,0,0,1,SAN DIEGO
8156970,2016,2016-11-02,3711,2016-10-22,1709,SAN D,6,7,MISSION BL,SANTA CLARA PL,Y,A,N,3,0,1,2,A,N,G,B,A,A,H,A,A,Y,,-,,0,1,0,0,1,SAN DIEGO
5749912,2012,2013-09-30,3711,2012-07-29,1415,,7,7,MISSION BL,SANTA CLARA,N,A,N,4,0,1,1,A,N,H,A,A,A,H,A,D,Y,,-,- ,0,0,1,0,1,SAN DIEGO
7039997,2015,2015-09-08,3711,2015-08-18,1830,N2,2,7,BAYSIDE WALK,VANITIE CT,Y,A,N,4,0,1,1,C,N,E,-,A,A,H,A,D,Y,,-,- ,0,0,1,0,1,SAN DIEGO
4095164,2009,2009-09-30,3711,2009-02-01,1615,,7,7,MISSION BL,SANTA CLARA PL,N,A,N,4,0,1,1,A,N,E,-,A,A,H,A,D,Y,,L,4,0,0,1,0,1,SAN DIEGO
7000678,2015,2015-08-03,3711,2015-07-11,1249,SDPD,6,7,MISSION BL,MISSION BL 3600,-,A,N,3,0,1,2,A,N,C,G,A,A,H,A,-,Y,,L,4,0,1,0,0,1,SAN DIEGO
9009845,2019,2020-01-08,3711,2019-09-02,1410,,1,7,REED ST,BAYARD ST,N,-,N,3,0,1,2,A,N,D,G,A,A,H,A,A,Y,Y,L,4,0,1,0,0,1,SAN DIEGO
6870380,2015,2015-04-14,3711,2015-03-19,1942,SD,4,7,SANTA CLARA PL,MISSION BL,N,A,N,4,0,1,1,A,N,F,A,A,A,H,C,D,Y,Y,L,4,0,0,1,0,1,SAN DIEGO
6000379,2013,2014-01-21,3700,2013-01-15,1553,,2,5,SOUTH MELROSE DR,BRANDING IRON CIR,Y,A,N,4,0,1,2,A,N,D,G,A,A,H,A,D,Y,,L,4,0,0,1,0,1,VISTA
4764165,2010,2011-05-20,3710,2010-05-21,1438,,5,6,MELROSE DR,CANNON DR,N,A,N,2,0,1,1,A,N,F,A,A,B,H,A,D,Y,,L,4,1,0,0,0,1,OCEANSIDE
8112019,2016,2016-08-31,3711,2016-08-19,1308,,5,7,CASS ST,EMERALD ST,N,A,N,3,0,1,2,A,N,B,G,A,A,H,A,D,Y,,L,4,0,1,0,0,1,SAN DIEGO
8916555,2019,2019-09-04,3711,2019-07-24,1730,,3,7,HIDDEN VALLEY RD,ROSELAND,Y,A,N,4,0,1,2,A,N,D,G,A,A,H,A,A,Y,,A,7,0,0,1,0,1,SAN DIEGO
9154327,2020,2020-10-27,3711,2020-08-29,1040,,6,7,VENTURA PL,MISSION BL,N,A,N,4,0,1,2,A,M,D,G,A,B,H,A,D,Y,,L,4,0,0,1,0,1,SAN DIEGO
9204081,2020,2021-02-25,3711,2020-11-28,45,,6,7,MISSION BL,SAN LUIS OBISPO PL,N,A,N,3,0,1,3,A,M,C,G,A,A,H,A,D,Y,,-,99,0,1,0,0,1,SAN DIEGO
4867452,2010,2011-09-07,3711,2010-08-30,1811,,1,7,HIDDEN VALLEY DR,ROSELAND DR,N,A,N,3,0,1,2,A,N,B,G,A,A,H,A,-,Y,,-,- ,0,1,0,0,1,SAN DIEGO
5844597,2012,2013-12-13,3711,2012-09-27,1848,,4,7,CASS ST,EMERALD ST,N,A,N,3,0,1,2,A,N,D,G,A,A,H,B,A,Y,,L,4,0,1,0,0,1,SAN DIEGO
4547550,2009,2010-10-04,3711,2009-12-12,2310,,6,7,CASS ST,EMERALD ST,N,C,N,4,0,1,2,A,N,D,G,A,B,H,C,A,Y,Y,L,4,0,0,1,0,1,SAN DIEGO
5384482,2011,2013-01-08,3711,2011-10-30,1225,,7,7,LA JOLLA SHORES,RUETTE MONTE CARLO,N,A,N,3,0,1,2,A,N,D,G,A,A,H,A,D,Y,,L,4,0,1,0,0,1,SAN DIEGO
6491619,2014,2014-07-26,9650,2014-05-05,1130,,1,9,DE LUZ RD,DOUGHERTY ST,Y,A,N,3,0,1,1,A,N,F,A,A,A,H,A,D,Y,,L,4,0,1,0,0,1,UNINCORPORATED
8373269,2017,2017-06-20,3711,2017-05-21,2244,SAN D,7,7,PACIFIC BEACH DR,BAYARD ST,N,B,N,3,0,1,2,A,M,C,G,A,A,G,D,D,Y,Y,-,,0,1,0,0,1,SAN DIEGO
4811723,2010,2011-08-10,3711,2010-07-15,1633,,4,7,CASS ST,EMERALD ST,N,B,N,4,0,1,2,A,N,B,G,A,A,H,A,D,Y,,A,1,0,0,1,0,1,SAN DIEGO
5992255,2013,2014-02-08,3711,2013-03-16,1730,,6,7,LA JOLLA SHORES DR,RUETTE MONTE CARLO,N,A,N,4,0,1,2,A,N,C,G,A,A,H,A,D,Y,,A,7,0,0,1,0,1,SAN DIEGO
4406591,2009,2010-06-11,3710,2009-09-07,1850,31,1,6,MELROSE DR,CANNON RD,Y,A,N,3,0,1,2,A,N,H,G,A,A,H,A,A,Y,,L,4,0,1,0,0,1,OCEANSIDE
9117197,2020,2020-08-28,3711,2020-06-28,1439,,7,7,OCEAN FRONT WALK,BRIGHTON CT,N,B,N,3,0,1,2,A,N,A,G,A,A,H,A,D,Y,,L,4,0,1,0,0,1,SAN DIEGO
9085712,2020,2020-08-10,3711,2020-04-27,1523,,1,7,8600 LA JOLLA SHORES DRIVE,NAGA WAY,Y,A,N,3,0,1,2,A,N,H,G,A,A,H,A,D,Y,,D,22,0,1,0,0,1,SAN DIEGO
4197222,2009,2009-12-04,3711,2009-04-07,1211,,2,7,VIA CAPRI,RUE DE ANNE,N,A,N,2,0,1,1,D,N,F,A,A,A,H,A,D,Y,,-,- ,1,0,0,0,1,SAN DIEGO
6850704,2015,2015-03-20,3711,2015-03-07,1300,,6,7,LA JOLLA SHORES DR,LA JOLLA SHORES LN 9000,Y,A,N,3,0,1,2,-,N,C,G,A,A,H,A,D,Y,,-,- ,0,1,0,0,1,SAN DIEGO
5782820,2012,2013-11-22,3700,2012-08-14,714,,2,5,ENCINITAS BL,CERRO ST,N,A,N,3,0,1,2,A,F,B,G,A,A,H,A,D,Y,,-,- ,0,1,0,0,1,ENCINITAS
6601647,2014,2014-09-09,3701,2014-08-24,1133,115,7,5,LEVANTE ST,MADRILENA WY,N,A,N,4,0,1,2,B,N,D,E,A,A,H,A,D,Y,,L,4,0,0,1,0,1,CARLSBAD
6441864,2014,2014-06-10,3711,2014-01-18,835,,6,7,VIA CAPRI,RUE MICHAEL,N,A,N,3,0,1,1,D,N,E,J,A,A,A,A,D,Y,,-,- ,0,1,0,0,1,SAN DIEGO
8338427,2017,2017-04-10,3711,2017-03-25,145,,6,7,EMERALD ST,CASS ST,N,A,N,3,0,1,1,A,N,F,-,A,A,H,C,D,Y,Y,L,4,0,1,0,0,1,SAN DIEGO
4326972,2009,2010-04-08,3711,2009-07-23,2117,,4,7,OLIVER AV,BAYARD ST,Y,A,N,3,0,1,1,A,N,E,I,A,A,H,C,A,Y,Y,L,4,0,1,0,0,1,SAN DIEGO
4589471,2010,2010-10-25,3711,2010-01-27,1219,,3,7,GARNET AV,CASS ST,N,A,N,3,0,1,2,A,N,-,G,A,A,H,A,D,Y,,-,- ,0,1,0,0,1,SAN DIEGO
5577513,2012,2013-08-20,3711,2012-04-05,1735,,4,7,LA JOLLA SHORES DR,DOWNWIND WY,N,A,N,3,0,1,2,A,N,D,G,A,A,H,A,D,Y,,-,- ,0,1,0,0,1,SAN DIEGO
5379639,2011,2013-01-11,3711,2011-10-29,1630,SANDI,6,7,TORREY PINES RD,CAMTO DEL CID,N,A,N,3,0,1,1,A,N,F,A,A,A,H,A,D,Y,,L,4,0,1,0,0,1,SAN DIEGO
8295295,2017,2017-02-10,3711,2017-01-21,1542,,6,7,CASS ST,FELSPAR ST,N,A,N,3,0,1,2,A,N,B,G,A,A,H,A,A,Y,Y,-,,0,1,0,0,1,SAN DIEGO
8169751,2016,2016-11-16,3711,2016-11-06,1546,SANDI,7,7,BAYSIDE LN,SAN JOSE PL,Y,A,N,3,0,1,2,A,N,D,G,A,A,H,A,D,Y,,L,4,0,1,0,0,1,SAN DIEGO
5478913,2011,2013-04-22,3705,2011-11-25,1515,,5,5,JAMACHA,JAMACHA 759,-,-,N,4,0,1,2,A,N,-,-,A,-,-,-,-,Y,,L,4,0,0,1,0,1,EL CAJON
8096630,2016,2016-08-11,3711,2016-07-28,1003,,4,7,OCEAN FRONT WALK,SAN LUIS REY  AV,N,A,N,3,0,1,1,C,N,F,J,A,A,A,A,D,Y,,-,- ,0,1,0,0,1,SAN DIEGO
9037784,2020,2020-03-17,3711,2020-01-08,1307,,3,7,BAYARD ST,PACIFIC BEACH DR,N,A,N,3,0,1,1,A,N,H,A,A,A,H,A,D,Y,,L,4,0,1,0,0,1,SAN DIEGO
5511751,2012,2013-07-12,3711,2012-02-11,1303,,6,7,TORREY PINES RD,CAMINITO DEL CID,N,B,N,3,0,1,2,A,N,B,G,A,A,H,A,A,Y,,-,- ,0,1,0,0,1,SAN DIEGO
8117107,2016,2016-09-08,3711,2016-08-25,1117,,4,7,LA JOLLA BL,DOWAIN WY,N,A,N,3,0,1,1,A,N,H,E,A,A,H,A,B,Y,,L,4,0,1,0,0,1,SAN DIEGO
91069697,2019,2019-09-09,9650,2019-09-03,1412,,2,9,AMMUNITION RD,S. MISSION RD.,N,A,N,3,0,1,1,A,N,F,A,A,A,H,A,D,Y,,L,4,0,1,0,0,1,UNINCORPORATED
6880496,2015,2015-04-29,3711,2015-03-19,849,,4,7,NORTH TORREY PINES RD,NU SYSTEMS DRIVEWAY,N,A,N,2,0,1,1,A,N,F,A,A,A,H,A,D,Y,,L,4,1,0,0,0,1,SAN DIEGO
4800276,2010,2011-10-07,3711,2010-07-02,1350,SD,5,7,GARNET AV,1000 GARNET AV,N,A,N,3,0,1,2,A,N,A,G,A,A,H,A,D,Y,,L,4,0,1,0,0,1,SAN DIEGO
4641757,2010,2011-03-22,3711,2010-03-14,2020,,7,7,GARNET AV,CASS ST,Y,A,N,3,0,1,2,A,N,D,G,A,A,H,C,D,Y,Y,L,4,0,1,0,0,1,SAN DIEGO
6995948,2015,2015-08-04,3711,2015-07-20,5,,1,7,BAYSIDE LN,LIDO CT,N,A,N,3,0,1,1,A,N,E,I,A,B,A,C,D,Y,Y,L,4,0,1,0,0,1,SAN DIEGO
4181206,2009,2009-11-12,3711,2009-03-26,1655,,4,7,BAYSIDE LN,REDONDO CT,N,A,N,3,0,1,2,A,N,D,G,A,A,H,A,D,Y,,L,4,0,1,0,0,1,SAN DIEGO
4546488,2009,2010-09-09,3711,2009-11-21,1735,,6,7,CASS ST,GARNET AV,Y,A,N,3,0,1,2,A,N,B,G,A,A,H,C,A,Y,Y,L,4,0,1,0,0,1,SAN DIEGO
5350633,2011,2012-12-19,3711,2011-10-11,1950,,2,7,BACON ST,NIAGARA AV,Y,A,N,3,0,1,2,A,N,D,G,A,A,H,C,D,Y,,-,- ,0,1,0,0,1,SAN DIEGO
4331602,2009,2010-04-07,3711,2009-07-27,1445,,1,7,EL CARMEL PL,BAYSIDE WALK,Y,A,N,3,0,1,2,A,N,-,G,A,A,H,A,D,Y,,L,4,0,1,0,0,1,SAN DIEGO
8090162,2016,2016-08-26,3711,2016-07-18,2038,,1,7,BACON ST,NIAGARA AV,N,A,N,4,0,1,2,A,N,D,G,A,A,H,C,D,Y,,-,,0,0,1,0,1,SAN DIEGO
6173788,2013,2014-03-25,3711,2013-08-16,1730,,5,7,PACIFIC BEACH DR,BAYARD,N,A,N,3,0,1,2,A,M,B,G,A,A,H,A,D,Y,,-,- ,0,1,0,0,1,SAN DIEGO
6439778,2014,2014-06-26,3711,2014-03-20,2134,,4,7,CASS ST,GARNET AV,N,A,N,3,0,1,1,A,N,E,I,A,A,H,C,D,Y,,L,4,0,1,0,0,1,SAN DIEGO
6995802,2015,2015-08-10,3711,2015-07-08,1233,,3,7,BAYSIDE WALK,MANHATTAN CT,N,A,N,3,0,1,2,A,N,A,G,A,A,H,A,D,Y,,L,4,0,1,0,0,1,SAN DIEGO
8326727,2017,2017-04-05,3711,2017-03-06,1915,,1,7,EL CARMEL PL,BAYSIDE WALK,Y,A,N,4,0,1,2,A,N,-,G,A,A,H,C,A,Y,,L,4,0,0,1,0,1,SAN DIEGO
5339191,2011,2012-12-26,3711,2011-10-22,2050,,6,7,VENTURA PL,MISSION BL,N,A,N,3,0,1,2,A,N,B,E,A,A,H,C,D,Y,Y,L,4,0,1,0,0,1,SAN DIEGO
5269571,2011,2012-11-30,9650,2011-07-20,1600,,3,9,SOUTH MISSION RD,AMMUNITION RD,N,A,N,3,0,1,2,A,N,D,G,A,A,H,A,D,Y,,L,4,0,1,0,0,1,UNINCORPORATED
5379958,2011,2012-12-19,3701,2011-10-02,1420,81,7,5,PALOMAR AIRPORT RD,EL FUERTE,N,A,N,2,0,1,3,A,N,B,G,A,A,H,A,D,Y,,L,4,1,0,0,0,1,CARLSBAD
5263094,2011,2012-11-06,9650,2011-07-09,1853,,6,9,FALLBROOK ST,MAIN AV,N,A,N,2,0,1,2,A,N,H,G,A,A,H,A,A,Y,,A,1,1,0,0,0,1,UNINCORPORATED
7067277,2015,2015-09-22,3711,2015-09-10,1120,,4,7,LA JOLLA SHORES,BIOLOGICAL GR,Y,B,N,3,0,1,2,A,N,D,G,A,A,H,A,A,Y,,-,,0,1,0,0,1,SAN DIEGO
4605471,2010,2010-12-09,3711,2010-02-03,1715,,3,7,HORNBLEND ST,CASS ST,-,A,N,4,0,1,2,A,N,D,G,A,A,H,C,D,Y,,-,- ,0,0,1,0,1,SAN DIEGO
7031148,2015,2015-09-01,3711,2015-08-16,1102,,7,7,CALLE DEL ORO,CALLE DEL CIELO,N,A,N,3,0,1,1,A,N,F,J,A,A,A,A,D,Y,,L,4,0,1,0,0,1,SAN DIEGO
6010268,2013,2014-01-29,9650,2013-02-18,1109,,1,9,MAIN AV,AMMUNITION RD,N,A,N,3,0,1,2,A,N,D,G,A,A,H,A,D,Y,,L,4,0,1,0,0,1,UNINCORPORATED