CASE_ID,ACCIDENT_YEAR,PROC_DATE,JURIS,COLLISION_DATE,COLLISION_TIME,REPORTING_DISTRICT,DAY_OF_WEEK,POPULATION,PRIMARY_RD,SECONDARY_RD,INTERSECTION,WEATHER_1,STATE_HWY_IND,COLLISION_SEVERITY,NUMBER_KILLED,NUMBER_INJURED,PARTY_COUNT,PRIMARY_COLL_FACTOR,HIT_AND_RUN,TYPE_OF_COLLISION,MVIW,PED_ACTION,ROAD_SURFACE,ROAD_COND_1,LIGHTING,CONTROL_DEVICE,BICYCLE_ACCIDENT,ALCOHOL_INVOLVED,STWD_VEHTYPE_AT_FAULT,CHP_VEHTYPE_AT_FAULT,COUNT_SEVERE_INJ,COUNT_VISIBLE_INJ,COUNT_COMPLAINT_PAIN,COUNT_BICYCLIST_KILLED,COUNT_BICYCLIST_INJURED,CITY
6835176,2015,2015-03-12,3711,2015-02-23,1900,SD,1,7,WEST ASH ST,COLUMBIA ST,N,B,N,3,0,1,2,A,N,B,G,A,A,H,C,A,Y,,-,,0,1,0,0,1,SAN DIEGO
9182580,2020,2020-12-01,3711,2020-09-03,610,,4,7,WEST IVY ST,WEST IVY ST 500,N,A,N,2,0,1,1,A,N,E,I,A,A,H,B,D,Y,,L,4,1,0,0,0,1,SAN DIEGO
6060890,2013,2014-02-20,3711,2013-04-30,1529,,2,7,WEST WASHINGTON ST,BRANT ST,N,A,N,3,0,1,2,A,N,H,E,A,A,H,A,D,Y,Y,A,1,0,1,0,0,1,SAN DIEGO
8710295,2018,2018-10-18,3711,2018-09-27,1650,,4,7,CAMINO SANTA FE,TRADE ST,N,A,N,3,0,1,1,D,N,H,G,A,A,A,A,D,Y,,-,- ,0,1,0,0,1,SAN DIEGO
8117713,2016,2016-09-08,3700,2016-08-04,633,,4,5,WEST SAN MARCOS BL,TIGER WY,Y,A,N,3,0,1,2,A,N,B,G,A,A,H,A,D,Y,,L,4,0,1,0,0,1,SAN MARCOS
5638713,2012,2012-10-26,3711,2012-10-04,1419,,4,7,MIRAMAR RD,COMMERCE AV,N,A,N,1,1,0,1,A,N,H,A,A,A,H,A,D,Y,,L,4,0,0,0,1,0,SAN DIEGO
4361120,2009,2010-06-30,3711,2009-08-16,1451,5D,7,7,BALBOA AV,CHARGER BL,-,A,N,3,0,1,2,A,M,D,G,A,A,H,A,A,Y,,L,4,0,1,0,0,1,SAN DIEGO
5251303,2011,2012-12-01,3711,2011-07-14,1210,,4,7,BALBOA AV,CHARGER BL,Y,B,N,3,0,1,2,A,N,H,G,A,A,H,A,A,Y,,L,4,0,1,0,0,1,SAN DIEGO
4197077,2009,2010-01-04,3711,2009-03-30,1037,,1,7,BALBOA AV,HATHAWAY ST,Y,A,N,3,0,1,2,A,N,B,G,A,A,H,A,A,Y,Y,D,22,0,1,0,0,1,SAN DIEGO
5990803,2013,2014-05-12,3711,2013-02-28,1520,,4,7,MIRAMAR RD,COMMERCE AV,N,A,N,3,0,1,1,D,N,E,G,A,A,G,A,D,Y,,-,- ,0,1,0,0,1,SAN DIEGO
6175356,2013,2014-03-26,3711,2013-08-01,1743,SAN D,4,7,MIRAMAR RD,MILCH RD,N,B,N,2,0,1,1,A,N,E,I,A,A,G,A,D,Y,,L,4,1,0,0,0,1,SAN DIEGO
4162015,2009,2009-10-30,3711,2009-03-11,1645,SANDI,3,7,BALBOA AV,ECKSTROM AV,N,A,N,4,0,1,2,A,N,D,G,A,A,H,A,A,Y,,L,4,0,0,1,0,1,SAN DIEGO
5801663,2012,2013-12-12,3711,2012-09-17,850,,1,7,ADERMAN AV,SCHILLING  AV,N,A,N,3,0,1,2,A,N,C,E,A,A,H,A,D,Y,Y,L,4,0,1,0,0,1,SAN DIEGO
7031131,2015,2015-09-01,3711,2015-08-13,743,,4,7,TRADE ST,CAMINO SANTA FE,N,A,N,3,0,1,2,A,N,D,G,A,A,H,A,D,Y,,-,,0,1,0,0,1,SAN DIEGO
4552837,2009,2010-05-24,3700,2009-09-16,1624,,3,5,DISCOVERY ST,TWIN OAKS VALLEY RD,N,A,N,3,0,1,2,A,N,G,G,A,A,H,A,D,Y,,L,4,0,1,0,0,1,SAN MARCOS
5917558,2012,2013-12-28,3700,2012-11-27,730,,2,5,WEST SAN MARCOS BL,TIGER WY,N,A,N,3,0,1,2,D,N,D,G,A,A,H,A,D,Y,,-,- ,0,1,0,0,1,SAN MARCOS
7196285,2016,2016-03-02,3711,2016-02-22,1008,,1,7,MIRAMAR RD,COMMERCE AV,N,A,N,3,0,1,1,A,N,H,-,A,A,G,A,D,Y,,L,4,0,1,0,0,1,SAN DIEGO
6004111,2013,2014-01-30,3711,2013-02-22,2100,SD,5,7,SCHILLING  AV,MIRA MESA,N,B,N,4,0,1,2,A,N,D,G,A,A,H,C,A,Y,,L,4,0,0,1,0,1,SAN DIEGO
8807066,2019,2019-03-05,3711,2019-02-19,2138,,2,7,CONVOY CT,HICKMAN FIELD DR,N,A,N,3,0,1,2,A,N,D,G,A,A,D,C,D,Y,,L,4,0,1,0,0,1,SAN DIEGO
8011440,2016,2016-04-08,3711,2016-03-25,1456,,5,7,HAWTHORN ST,BRANT ST,N,A,N,3,0,1,2,A,M,B,G,A,A,H,A,D,Y,,L,4,0,1,0,0,1,SAN DIEGO
4472452,2009,2010-08-23,3711,2009-10-26,2200,,1,7,ULRIC ST,FASHION HILLS BL,N,A,N,2,0,1,1,A,N,E,-,A,A,H,D,D,Y,,L,4,1,0,0,0,1,SAN DIEGO
8169743,2016,2016-11-16,3711,2016-11-05,743,SAN D,6,7,W HAWTHORN,BRANT,N,A,N,4,0,1,2,A,N,D,G,A,A,H,A,D,Y,,-,,0,0,1,0,1,SAN DIEGO
6771117,2014,2015-02-10,3711,2014-12-29,945,SAN D,1,7,MIRAMAR RD,COMMERCE AV,N,A,N,3,0,2,2,A,N,E,A,A,A,G,A,D,Y,,L,4,0,2,0,0,2,SAN DIEGO
8336227,2017,2017-04-15,3711,2017-03-19,1745,,7,7,HOTEL CIRCLE SOUTH,BACHMAN PL,N,A,N,4,0,1,2,A,N,B,G,A,A,H,A,D,Y,,-,,0,0,1,0,1,SAN DIEGO
6159326,2013,2014-03-20,3711,2013-07-31,1313,,3,7,W UNIVERSITY AV,BRANT ST,N,A,N,3,0,1,2,A,N,H,G,A,A,H,A,D,Y,,-,- ,0,1,0,0,1,SAN DIEGO
8124908,2016,2016-09-21,3711,2016-09-12,1650,,1,7,STATE ST,BROADWAY,N,A,N,3,0,1,2,A,N,B,G,A,A,H,A,A,Y,,L,4,0,1,0,0,1,SAN DIEGO
5936615,2013,2014-02-08,3711,2013-03-10,1610,,7,7,HOTEL CIRCLE SOUTH,BACHMAN PL,N,A,N,3,0,1,2,A,N,D,G,A,A,H,A,D,Y,,-,- ,0,1,0,0,1,SAN DIEGO
4095189,2009,2009-10-07,3711,2009-02-07,945,,6,7,CALLE CRISTOBAL,BRENNER SPRINGS WY,N,B,N,2,0,1,2,A,F,C,G,A,B,H,A,D,Y,,A,1,1,0,0,0,1,SAN DIEGO
8326124,2017,2017-05-30,3711,2017-02-17,1147,,5,7,WEST ASH ST,STATE ST,N,A,N,3,0,1,2,A,N,B,G,A,A,H,A,A,Y,,A,1,0,1,0,0,1,SAN DIEGO
4452233,2009,2010-08-05,3711,2009-11-03,948,,2,7,HOTEL CIRCLE SOUTH,CAMINO DE LA REINA,N,A,N,3,0,1,2,A,N,A,G,A,A,H,A,D,Y,,L,4,0,1,0,0,1,SAN DIEGO
6592955,2014,2014-09-03,9650,2014-07-26,804,,6,9,OLD HWY 395,STEWART CANYON RD,N,A,N,2,0,3,3,D,N,F,A,A,A,H,A,D,Y,,-,- ,1,2,0,0,3,UNINCORPORATED
8314016,2017,2017-03-03,3700,2017-02-03,1102,,5,5,SOUTH TWIN OAKS VALLEY RD,S VILLAGE DR,Y,A,N,2,0,1,1,C,N,F,A,A,A,B,A,D,Y,,-,- ,1,0,0,0,1,SAN MARCOS
6539471,2014,2014-08-16,3711,2014-06-09,1521,,1,7,WEST BROADWAY,STATE ST,N,B,N,3,0,1,2,A,N,H,G,A,A,H,A,D,Y,,-,,0,1,0,0,1,SAN DIEGO
8361444,2017,2017-05-16,3711,2017-04-30,1057,,7,7,LINDA VISTA RD,GENESEE AV,N,A,N,3,0,1,2,A,N,B,G,A,A,H,A,A,Y,,L,4,0,1,0,0,1,SAN DIEGO
5588679,2012,2013-10-18,3700,2012-04-19,1715,,4,5,SOUTH TWIN OAKS VALLEY RD,S VILLAGE DR,N,A,N,4,0,1,2,A,N,C,C,A,A,H,A,A,Y,,L,4,0,0,1,0,1,SAN MARCOS
5969093,2012,2014-01-16,3711,2012-12-20,1420,,4,7,ECKSTROM,COSMO ST,N,A,N,4,0,1,2,A,N,B,G,A,A,H,A,D,Y,,L,4,0,0,1,0,1,SAN DIEGO
5917570,2012,2013-12-28,3700,2012-11-15,1530,,4,5,PICO AV,WEST MISSION RD,Y,A,N,3,0,1,2,A,N,C,G,A,A,H,A,A,Y,,L,4,0,1,0,0,1,SAN MARCOS
7057405,2015,2015-11-05,3700,2015-09-12,742,,6,5,PICO AV,WEST MISSION RD,Y,A,N,4,0,1,2,A,N,D,G,A,A,H,A,A,Y,,L,4,0,0,1,0,1,SAN MARCOS
4413243,2009,2010-06-17,3711,2009-09-02,1432,SD,3,7,LINDA VISTA RD,GENESEE,N,A,N,3,0,1,2,A,N,G,G,A,A,H,A,A,Y,,-,- ,0,1,0,0,1,SAN DIEGO
5135402,2011,2012-03-20,3700,2011-01-22,632,,6,5,WEST MISSION RD,PICO AV,Y,A,N,4,0,1,3,A,N,D,C,A,A,H,A,A,Y,,A,1,0,0,1,0,1,SAN MARCOS
4180577,2009,2010-09-20,3711,2009-03-20,1536,,5,7,LINDA VISTA RD,GENESEE AV,Y,A,N,1,1,0,2,A,N,H,G,A,A,H,A,A,Y,,L,4,0,0,0,1,0,SAN DIEGO
5070892,2011,2012-03-26,3711,2011-02-04,800,,5,7,LINDA VISTA RD,GENESEE AV,Y,A,N,3,0,1,2,A,M,D,G,A,A,H,A,A,Y,,L,4,0,1,0,0,1,SAN DIEGO
7099492,2015,2015-10-24,3711,2015-10-11,800,,7,7,GENESEE AV,LINDA VISTA RD,N,A,N,3,0,1,2,A,M,D,G,A,A,H,A,D,Y,,-,,0,1,0,0,1,SAN DIEGO
4938982,2010,2011-12-09,3711,2010-11-08,1230,,1,7,WEST BROADWAY,UNION ST,N,A,N,3,0,1,2,A,N,B,G,A,A,H,A,A,Y,,-,- ,0,1,0,0,1,SAN DIEGO
8560093,2017,2018-02-23,3700,2017-11-14,1041,,2,5,SOUTH TWIN OAKS VALLEY RD,CRAVEN RD,N,A,N,2,0,1,2,A,N,D,G,A,A,H,A,D,Y,,A,1,1,0,0,0,1,SAN MARCOS
4937316,2010,2011-12-15,3711,2010-10-23,1558,,6,7,UNION ST,W ASH,N,A,N,3,0,1,2,D,N,-,G,A,A,H,A,D,Y,,-,- ,0,1,0,0,1,SAN DIEGO
5838918,2012,2013-12-23,3711,2012-10-11,743,,4,7,WEST BROADWAY,UNION ST,Y,A,N,3,0,1,1,A,N,H,A,A,A,H,A,A,Y,,L,4,0,1,0,0,1,SAN DIEGO
8640829,2018,2018-06-28,3711,2018-06-13,1618,,3,7,W G ST,UNION S T,-,A,N,3,0,1,2,A,N,D,G,A,A,H,A,D,Y,,-,- ,0,1,0,0,1,SAN DIEGO
4579706,2010,2010-11-09,9650,2010-01-09,900,,6,9,ELFIN FOREST RD,HARMONY GROVE RD,N,A,N,3,0,1,1,A,N,F,A,A,A,H,A,D,Y,,L,4,0,1,0,0,1,UNINCORPORATED
6928125,2015,2015-06-02,3700,2015-02-27,1341,1,5,5,TWIN OAKS VALLEY RD,CRAVEN RD,N,A,N,3,0,1,2,A,N,H,G,A,A,H,A,D,Y,,L,4,0,1,0,0,1,SAN MARCOS
8778719,2018,2019-01-30,3711,2018-12-26,1008,,3,7,WEST WASHINGTON ST,FRONT ST,N,-,N,3,0,1,2,A,N,D,G,A,-,H,A,D,Y,,A,7,0,1,0,0,1,SAN DIEGO
8095556,2016,2016-08-02,3711,2016-07-23,1754,SD,6,7,FRIARS RD,AVENIDA DE LA TIENDA,N,A,N,3,0,1,2,A,N,D,G,A,A,H,A,A,Y,,A,1,0,1,0,0,1,SAN DIEGO
8799281,2019,2019-02-25,3700,2019-02-06,2020,,3,5,WEST SAN MARCOS BL,PICO AV,N,A,N,3,0,1,1,A,N,F,A,A,A,H,C,D,Y,,L,4,0,1,0,0,1,SAN MARCOS
4970586,2010,2011-09-16,3700,2010-08-25,719,,3,5,WEST SAN MARCOS BL,PICO AV,Y,A,N,4,0,1,2,A,M,D,G,A,A,H,A,A,Y,,-,- ,0,0,1,0,1,SAN MARCOS
8633918,2018,2018-06-20,3700,2018-05-11,1955,,5,5,PICO AV,SAN MARCOS BL,N,A,N,4,0,1,2,D,N,D,G,A,A,H,C,A,Y,Y,-,- ,0,0,1,0,1,SAN MARCOS
4770909,2010,2011-07-29,3711,2010-07-07,1230,,3,7,W UNIVERSITY AV,FRONT ST,N,A,N,3,0,1,2,A,N,H,G,A,A,H,A,D,Y,,-,- ,0,1,0,0,1,SAN DIEGO
8553404,2017,2018-02-20,3700,2017-12-02,213,,6,5,WEST SAN MARCOS BL,PICO AV,Y,A,N,4,0,1,2,A,M,C,G,A,A,H,C,A,Y,,A,1,0,0,1,0,1,SAN MARCOS
5972738,2012,2014-01-13,3711,2012-12-28,1505,,5,7,AVENIDA DE LAS ADELSAS,FRIARS RD,N,A,N,3,0,1,2,A,N,B,G,A,A,H,A,D,Y,,-,- ,0,1,0,0,1,SAN DIEGO
6946048,2015,2015-07-02,3700,2015-05-06,1650,,3,5,SOUTH TWIN OAKS VALLEY RD,CRAVEN RD,N,B,N,4,0,1,2,A,N,H,G,A,A,H,A,D,Y,,L,4,0,0,1,0,1,SAN MARCOS
8769246,2018,2019-01-26,3711,2018-12-18,200,,2,7,WEST HARBOR DR,FRONT ST,Y,A,N,3,0,1,1,A,N,H,J,A,A,H,C,A,Y,Y,L,4,0,1,0,0,1,SAN DIEGO
8813480,2019,2019-03-12,3711,2019-02-20,1844,,3,7,W HARBOR DR,FRONT ST,Y,C,N,3,0,2,3,A,N,C,G,A,B,H,C,A,Y,,L,4,0,2,0,0,2,SAN DIEGO
4875371,2010,2011-09-02,3711,2010-08-27,1349,,5,7,KEISHA TER,CAMINO MIRANDA,N,A,N,3,0,1,2,A,N,H,G,A,A,H,A,D,Y,Y,-,- ,0,1,0,0,1,SAN DIEGO
8379045,2017,2017-06-12,3711,2017-05-25,1715,,4,7,WEST BROADWAY,FRONT ST,N,A,N,3,0,1,2,A,N,B,G,A,A,H,A,A,Y,,L,4,0,1,0,0,1,SAN DIEGO
5255838,2011,2012-11-28,3711,2011-07-24,1055,,7,7,MIRAMAR RD,PRODUCTION,-,A,N,3,0,1,1,A,N,H,-,A,A,G,A,D,Y,,L,4,0,1,0,0,1,SAN DIEGO
5195839,2011,2012-04-26,3700,2011-03-30,1349,,3,5,RICHMAR AV,FIREBIRD LN,Y,A,N,4,0,1,2,A,N,D,G,A,A,H,A,A,Y,,L,4,0,0,1,0,1,SAN MARCOS
6601193,2014,2014-09-15,3711,2014-08-18,1547,,1,7,BERWICK DR,BOXFORD DR,Y,A,N,3,0,1,1,A,N,H,J,A,A,H,A,D,Y,,L,4,0,1,0,0,1,SAN DIEGO
4171664,2009,2009-11-16,3711,2009-03-22,700,,7,7,FRONT ST,B ST,Y,B,N,3,0,1,2,A,N,D,G,A,A,H,A,A,Y,,-,- ,0,1,0,0,1,SAN DIEGO
4297519,2009,2010-02-02,3711,2009-06-24,730,,3,7,ASH ST,FRONT ST,Y,B,N,3,0,1,2,A,N,D,G,A,A,H,A,A,Y,,L,4,0,1,0,0,1,SAN DIEGO
5902114,2012,2014-01-13,3711,2012-12-31,2110,,1,7,FRONT ST,W BEECH,Y,A,N,3,0,1,2,A,N,D,G,A,A,H,C,A,Y,Y,L,4,0,1,0,0,1,SAN DIEGO
8592382,2018,2018-04-18,3711,2018-03-30,1350,,5,7,FRONT ST,WEST BEECH ST,Y,A,N,4,0,1,1,A,N,-,-,A,A,H,A,-,Y,,L,4,0,0,1,0,1,SAN DIEGO
8626122,2018,2018-06-04,3711,2018-05-16,730,,3,7,MIRAMAR RD,PRODUCTION AV,N,B,N,3,0,1,1,A,N,E,G,A,A,C,A,D,Y,,L,4,0,1,0,0,1,SAN DIEGO
5453798,2011,2013-02-11,3711,2011-12-30,1220,,5,7,BROADWAY,FRONT ST,N,A,N,3,0,1,2,A,N,B,G,A,A,H,A,A,Y,,L,4,0,1,0,0,1,SAN DIEGO
6960225,2015,2015-07-08,3711,2015-06-04,837,,4,7,W MARKET ST,FRONT ST,Y,B,N,4,0,1,2,A,N,D,G,A,A,H,A,A,Y,,L,4,0,0,1,0,1,SAN DIEGO
5857384,2012,2013-12-17,3711,2012-10-01,1719,,1,7,FRONT ST,W ISLAND,N,A,N,3,0,1,2,A,N,D,G,A,A,H,A,D,Y,,L,4,0,1,0,0,1,SAN DIEGO
8304048,2017,2017-03-23,3711,2017-01-25,817,SANDI,3,7,FRONT ST,W ISLAND AV,N,A,N,4,0,1,2,A,N,D,G,A,A,H,A,A,Y,,A,1,0,0,1,0,1,SAN DIEGO
5187516,2011,2012-05-25,3711,2011-04-28,1115,,4,7,BROADWAY,FRONT ST,N,A,N,3,0,1,2,A,N,H,G,A,A,H,A,A,Y,,-,- ,0,1,0,0,1,SAN DIEGO
8718151,2018,2018-10-17,3700,2018-08-31,1630,,5,5,SANTA BARBARA DR,VILLAGE DR,Y,A,N,3,0,1,1,A,N,H,-,A,A,H,A,D,Y,,L,4,0,1,0,0,1,SAN MARCOS
9203964,2020,2021-02-16,3711,2020-12-12,1220,,6,7,WEST HARBOR DR,1ST AV,N,A,N,4,0,1,2,A,M,G,B,A,A,H,A,A,Y,,-,99,0,0,1,0,1,SAN DIEGO
4600249,2010,2010-12-15,3711,2010-02-01,920,,1,7,CEDAR ST,1ST AV,N,B,N,3,0,1,2,A,M,D,G,A,A,H,A,D,Y,,L,4,0,1,0,0,1,SAN DIEGO
7138844,2015,2015-12-30,3711,2015-10-20,1600,,2,7,HARBOR DR,SALIDA LOOP,Y,A,N,3,0,1,2,A,N,D,G,A,A,H,A,A,Y,,L,4,0,1,0,0,1,SAN DIEGO
8998065,2019,2020-01-15,3711,2019-11-12,7,,2,7,HARBOR DR,1ST AV,-,A,N,4,0,1,1,B,N,H,A,A,A,H,D,D,Y,,L,4,0,0,1,0,1,SAN DIEGO
5311719,2011,2012-12-04,3711,2011-08-28,1109,,7,7,HARBOR DR,1ST AV,Y,A,N,3,0,1,2,A,N,H,G,A,A,H,A,A,Y,,-,- ,0,1,0,0,1,SAN DIEGO
4878499,2010,2011-10-07,3711,2010-09-03,2220,,5,7,1ST AV,HARBOR DR,N,A,N,3,0,1,2,A,N,B,G,A,A,H,C,A,Y,,L,4,0,1,0,0,1,SAN DIEGO
5470692,2011,2013-01-30,3711,2011-12-20,1538,,2,7,MINDEN DR,VOLTA CT,N,A,N,3,0,1,1,A,N,E,I,A,A,H,A,D,Y,,L,4,0,1,0,0,1,SAN DIEGO
8453783,2017,2017-10-04,3703,2017-09-19,751,,2,3,TULAGI RD,SILVER STRAND BL,Y,A,N,4,0,1,2,A,N,D,G,A,A,H,A,A,Y,,L,4,0,0,1,0,1,CORONADO
5902134,2012,2014-01-13,3711,2012-12-28,2053,,5,7,1ST AV,W UPAS ST,N,A,N,3,0,1,2,A,N,B,E,A,A,H,C,D,Y,Y,L,4,0,1,0,0,1,SAN DIEGO
6882907,2015,2015-04-22,9650,2015-03-29,920,,7,9,ELFIN FOREST RD,QUESTHAVEN RD,Y,A,N,3,0,1,2,A,N,H,G,A,A,H,A,D,Y,,L,4,0,1,0,0,1,UNINCORPORATED
4094364,2009,2009-10-21,3711,2009-02-04,1908,,3,7,UPAS ST,1ST AV,N,A,N,3,0,1,2,A,N,B,G,A,A,H,C,D,Y,,-,- ,0,1,0,0,1,SAN DIEGO
6506815,2014,2014-06-25,3700,2014-04-11,612,,5,5,NORTH TWIN OAKS VALLEY DR,WEST SAN MARCOS BL,N,A,N,3,0,1,2,A,N,H,G,A,A,H,A,A,Y,,L,4,0,1,0,0,1,SAN MARCOS
8580477,2018,2018-03-22,3711,2018-03-11,1506,SAN D,7,7,1ST AV,NUTMEG ST,N,A,N,3,0,1,2,A,N,H,I,A,A,H,A,D,Y,,L,4,0,1,0,0,1,SAN DIEGO
8684582,2018,2018-09-18,3700,2018-08-16,1724,,4,5,SAN MARCOS BL,TWIN OAKS VALLEY RD,N,A,N,3,0,1,2,A,N,B,G,A,A,H,A,A,Y,,A,1,0,1,0,0,1,SAN MARCOS
90816418,2018,2018-09-19,9650,2018-09-13,1815,,4,9,BUENA CREEK RD,SUNSHINE MOUNTAIN RD,Y,A,N,2,0,1,2,A,N,H,G,A,A,H,A,D,Y,,D,22,1,0,0,0,1,UNINCORPORATED
8452013,2017,2017-09-23,3711,2017-09-05,1850,,2,7,MESA COLLEGE DR,ARMSTRONG,N,A,N,3,0,1,2,A,N,-,G,A,A,H,A,D,Y,,L,4,0,1,0,0,1,SAN DIEGO
5631747,2012,2013-09-21,3711,2012-05-29,1840,,2,7,1ST AV,WASHINGTON ST,N,A,N,4,0,1,2,A,N,B,G,A,A,H,A,D,Y,,L,4,0,0,1,0,1,SAN DIEGO
8974393,2019,2019-11-22,3711,2019-10-01,2008,,2,7,UNIVERSITY AV,1ST AV,Y,A,N,4,0,1,2,A,M,F,B,A,A,H,C,A,Y,,L,4,0,0,1,0,1,SAN DIEGO
8373257,2017,2017-06-06,3711,2017-05-22,1118,,1,7,UNIVERSITY AV,UNIVERSITY SQUARE,Y,A,N,3,0,1,2,A,N,D,G,A,A,H,A,A,Y,,L,4,0,1,0,0,1,SAN DIEGO
5598169,2012,2013-08-21,3711,2012-04-24,1134,,2,7,1ST AV,W BEECH ST,Y,A,N,3,0,1,2,A,N,D,G,A,A,H,A,A,Y,,L,4,0,1,0,0,1,SAN DIEGO
8794938,2019,2019-02-22,3711,2019-01-25,1313,,5,7,1ST AV,CEDAR ST,N,A,N,3,0,1,1,D,N,H,J,A,A,H,A,D,Y,,-,- ,0,1,0,0,1,SAN DIEGO
4520956,2009,2010-09-14,3711,2009-12-03,1044,,4,7,ASH ST,1ST AV,Y,A,N,3,0,1,2,A,N,D,G,A,A,H,A,A,Y,,L,4,0,1,0,0,1,SAN DIEGO
8845911,2019,2019-04-30,3711,2019-04-05,1707,,5,7,1ST AV,WEST ASH ST,N,A,N,3,0,1,2,A,N,D,G,A,A,H,A,A,Y,,A,1,0,1,0,0,1,SAN DIEGO
5995634,2013,2014-01-31,3711,2013-02-13,1250,,3,7,SHAWLINE ST,CLAIREMONT MESA BL,N,A,N,3,0,1,2,A,F,H,G,A,A,H,A,D,Y,,L,4,0,1,0,0,1,SAN DIEGO
8643808,2018,2018-06-29,3711,2018-06-11,300,,1,7,1ST AV,W A ST,N,A,N,3,0,1,2,A,N,D,G,A,A,H,C,A,Y,,L,4,0,1,0,0,1,SAN DIEGO
6595632,2014,2014-08-28,3711,2014-07-30,744,,3,7,1ST AV,A ST,N,A,N,4,0,1,2,A,N,D,G,A,A,H,A,A,Y,,L,4,0,0,1,0,1,SAN DIEGO
7204554,2016,2016-03-10,3711,2016-02-26,2359,,5,7,A ST,1ST AV,Y,A,N,3,0,1,2,A,N,D,G,A,A,H,C,A,Y,,L,4,0,1,0,0,1,SAN DIEGO
8124981,2016,2016-09-21,3711,2016-09-09,2240,,5,7,SHAWLINE ST,CLAIREMONT MESA BL,N,A,N,4,0,1,2,A,M,D,G,A,A,H,C,D,Y,Y,-,99,0,0,1,0,1,SAN DIEGO
5598357,2012,2013-08-16,3711,2012-04-14,1300,,6,7,1ST AV,E ST,N,A,N,4,0,1,2,A,N,D,G,A,A,H,-,D,Y,,L,4,0,0,1,0,1,SAN DIEGO
5968883,2012,2014-01-15,3711,2012-12-23,1205,,7,7,W F ST,FIRST AV,Y,B,N,4,0,1,2,A,N,D,G,A,A,H,A,A,Y,Y,L,4,0,0,1,0,1,SAN DIEGO
4342111,2009,2010-03-19,3711,2009-07-25,2049,,6,7,1ST AV,F ST,N,A,N,3,0,2,2,A,N,C,G,A,A,H,C,A,Y,,-,- ,0,1,1,0,2,SAN DIEGO
9199955,2020,2021-02-24,3711,2020-12-14,1738,,1,7,W BEECH ST,1ST AV,N,A,N,4,0,1,2,A,N,B,G,A,A,H,C,A,Y,,A,7,0,0,1,0,1,SAN DIEGO
8169737,2016,2016-11-16,3711,2016-11-01,912,,2,7,1ST AV,MARKET ST,Y,A,N,4,0,1,2,A,N,H,G,A,A,H,A,A,Y,,L,4,0,0,1,0,1,SAN DIEGO
9062192,2019,2020-03-17,3700,2019-08-09,1215,,5,5,E SAN MARCOS BL,NORTH TWIN OAKS VALLEY DR,Y,A,N,4,0,1,2,A,F,B,I,A,A,H,A,A,Y,Y,A,1,0,0,1,0,1,SAN MARCOS
8869930,2019,2019-06-03,3711,2019-05-11,1329,,6,7,UNIVERSITY AV,1ST AV,N,B,N,3,0,1,3,D,N,H,G,A,A,H,A,D,Y,,-,- ,0,1,0,0,1,SAN DIEGO
5071711,2011,2012-03-09,3711,2011-09-13,2128,,2,7,MESA COLLEGE DR,ARMSTRONG ST,N,A,N,3,0,1,2,A,N,D,G,A,A,H,C,A,Y,,L,4,0,1,0,0,1,SAN DIEGO
8805326,2019,2019-02-26,3711,2019-02-10,922,SDPD,7,7,SAN DIEGUITO RD,MONTIEN RD,N,B,N,3,0,1,2,A,N,C,-,A,B,H,A,D,Y,,L,4,0,1,0,0,1,SAN DIEGO
8337330,2017,2017-04-07,3711,2017-03-22,1115,,3,7,WASHINGTON ST,3RD AV,N,B,N,4,0,1,2,A,N,D,G,A,A,H,A,D,Y,,L,4,0,0,1,0,1,SAN DIEGO
4838969,2010,2011-09-07,3711,2010-08-10,2104,,2,7,BACHMAN PL,MONTECITO WY,N,A,N,3,0,1,2,A,N,B,G,A,A,H,C,D,Y,Y,A,1,0,1,0,0,1,SAN DIEGO
6144423,2013,2014-03-13,3711,2013-07-17,1925,,3,7,BACHMAN PL,BACHMAN PL 4200,N,A,N,3,0,1,1,A,N,H,A,A,A,H,A,D,Y,,L,4,0,1,0,0,1,SAN DIEGO
9128972,2020,2020-09-28,3711,2020-07-06,1010,,1,7,MARKET ST,2ND AV,N,A,N,4,0,1,2,A,M,D,G,A,A,H,A,A,Y,,A,1,0,0,1,0,1,SAN DIEGO
4381903,2009,2010-05-10,3711,2009-08-13,1740,,4,7,MARINA PKWY,CONVENTION WY,N,A,N,3,0,1,2,A,N,D,G,A,A,H,A,D,Y,,L,4,0,1,0,0,1,SAN DIEGO
5181990,2011,2012-05-03,3711,2011-04-29,1959,MARIN,5,7,MARKET ST,2ND AV,N,A,N,3,0,1,2,A,M,D,G,A,A,H,C,D,Y,,L,4,0,1,0,0,1,SAN DIEGO
4308870,2009,2010-02-08,3706,2009-06-30,1225,ESPD,2,6,2ND AV,QUINCE DR,-,A,N,3,0,1,2,A,N,D,G,A,A,H,A,D,Y,,L,4,0,1,0,0,1,ESCONDIDO
6330479,2013,2014-05-13,3711,2013-12-28,1922,,6,7,LAUREL ST,2ND AV,Y,A,N,3,0,1,2,A,N,D,G,A,A,-,C,D,Y,,-,- ,0,1,0,0,1,SAN DIEGO
8478480,2017,2017-11-16,3711,2017-10-16,1833,,1,7,2ND AV,GRAPE ST,Y,A,N,3,0,1,2,A,N,A,G,A,A,H,C,A,Y,,L,4,0,1,0,0,1,SAN DIEGO