CASE_ID,ACCIDENT_YEAR,PROC_DATE,JURIS,COLLISION_DATE,COLLISION_TIME,REPORTING_DISTRICT,DAY_OF_WEEK,POPULATION,PRIMARY_RD,SECONDARY_RD,INTERSECTION,WEATHER_1,STATE_HWY_IND,COLLISION_SEVERITY,NUMBER_KILLED,NUMBER_INJURED,PARTY_COUNT,PRIMARY_COLL_FACTOR,HIT_AND_RUN,TYPE_OF_COLLISION,MVIW,PED_ACTION,ROAD_SURFACE,ROAD_COND_1,LIGHTING,CONTROL_DEVICE,BICYCLE_ACCIDENT,ALCOHOL_INVOLVED,STWD_VEHTYPE_AT_FAULT,CHP_VEHTYPE_AT_FAULT,COUNT_SEVERE_INJ,COUNT_VISIBLE_INJ,COUNT_COMPLAINT_PAIN,COUNT_BICYCLIST_KILLED,COUNT_BICYCLIST_INJURED,CITY
6307060,2013,2014-06-02,3711,2013-12-20,645,,5,7,IMPERIAL,22ND ST,Y,A,N,4,0,1,2,D,N,D,G,A,A,H,B,A,Y,,-,- ,0,0,1,0,1,SAN DIEGO
8626081,2018,2018-06-06,3711,2018-05-15,1644,,2,7,CAMINO RUIZ,MIRA MESA BL,Y,A,N,3,0,1,2,A,N,G,G,A,A,H,A,A,Y,,A,1,0,1,0,0,1,SAN DIEGO
4270626,2009,2010-03-09,3711,2009-06-08,1130,,1,7,MIRA MESA BL,CAMINO RUIZ,N,A,N,3,0,1,2,A,M,-,G,A,A,H,A,D,Y,,-,- ,0,1,0,0,1,SAN DIEGO
4258400,2009,2010-02-18,3711,2009-06-01,745,,1,7,CAMINO RUIZ,MIRA MESA BL,-,B,N,3,0,1,2,A,N,D,G,A,A,H,A,D,Y,,L,4,0,1,0,0,1,SAN DIEGO
5787806,2012,2013-11-25,3711,2012-08-09,1508,,4,7,CAMINO RUIZ,MIRA MESA BL,N,A,N,4,0,1,2,A,N,D,G,A,A,H,A,D,Y,,-,- ,0,0,1,0,1,SAN DIEGO
4222614,2009,2009-12-03,3711,2009-04-28,2115,SD,2,7,MIRA MESA BL,CAMINO RUIZ,Y,A,N,3,0,1,2,A,N,D,G,A,A,H,C,A,Y,,-,- ,0,1,0,0,1,SAN DIEGO
4443936,2009,2010-06-22,3711,2009-10-18,1240,,7,7,CAMINO RUIZ,MIRA MESA BL,Y,A,N,4,0,1,2,A,N,B,G,A,A,H,A,A,Y,,-,- ,0,0,1,0,1,SAN DIEGO
5174588,2011,2012-05-24,3711,2011-04-28,759,,4,7,CAMINO RUIZ,MIRA MESA BL,Y,A,N,3,0,1,2,A,N,D,G,A,A,H,A,D,Y,,L,4,0,1,0,0,1,SAN DIEGO
8706791,2018,2018-10-23,3711,2018-09-12,1741,SD,3,7,L ST,22ND ST,Y,A,N,3,0,1,2,A,N,-,G,A,A,H,A,D,Y,,L,4,0,1,0,0,1,SAN DIEGO
8323524,2017,2017-03-16,3711,2017-02-27,1647,,1,7,22ND ST,IMPERIAL AV,Y,B,N,4,0,1,2,A,N,D,G,A,B,H,B,A,Y,,-,,0,0,1,0,1,SAN DIEGO
4664647,2010,2011-02-16,3711,2010-03-18,726,SAN D,4,7,CAPRICORN WY,CAMINO RUIZ,N,A,N,4,0,1,2,A,N,H,G,A,A,H,A,-,Y,,-,- ,0,0,1,0,1,SAN DIEGO
9131786,2020,2020-10-06,3711,2020-07-29,817,,3,7,COMMERCIAL ST,22ND ST,Y,B,N,3,0,1,1,D,N,G,A,A,A,H,A,D,Y,,-,- ,0,1,0,0,1,SAN DIEGO
8621304,2018,2018-05-24,3711,2018-05-09,711,,3,7,EL CAJON BL,FLORIDA AV,N,B,N,3,0,1,1,A,N,F,I,A,A,G,A,D,Y,,L,4,0,1,0,0,1,SAN DIEGO
4480281,2009,2010-08-16,3711,2009-11-18,710,,3,7,ADAMS AV,FLORIDA ST,Y,A,N,4,0,1,2,A,N,D,G,A,A,H,A,D,Y,,L,4,0,0,1,0,1,SAN DIEGO
8091378,2016,2016-08-09,3711,2016-07-20,200,,3,7,POLK AV,FLORIDA ST,N,A,N,3,0,1,1,A,N,H,A,A,A,H,C,D,Y,,L,4,0,1,0,0,1,SAN DIEGO
6139618,2013,2014-03-12,3711,2013-07-13,2048,,6,7,CYPRESS AV,FLORIDA ST,N,A,N,3,0,1,1,A,N,H,A,A,A,H,C,D,Y,Y,L,4,0,1,0,0,1,SAN DIEGO
5236887,2011,2012-11-28,3711,2011-06-12,1830,,7,7,FLORIDA ST,2000 MADISON,N,B,N,2,0,1,1,-,N,-,-,A,A,H,B,D,Y,Y,-,- ,1,0,0,0,1,SAN DIEGO
5511735,2012,2013-07-11,3711,2012-02-11,2327,,6,7,MEADE AV,FLORIDA ST,Y,B,N,4,0,1,2,A,N,D,G,A,A,H,C,D,Y,,L,4,0,0,1,0,1,SAN DIEGO
8053196,2016,2016-06-13,3711,2016-05-29,0,,7,7,MADISON AV,FLORIDA ST,Y,B,N,3,0,1,1,A,N,F,A,A,A,H,C,D,Y,,L,4,0,1,0,0,1,SAN DIEGO
8522428,2017,2018-01-08,3711,2017-12-17,1715,SD,7,7,CAMINO RUIZ,CAMINO RUIZ  10700,N,A,N,3,0,1,2,A,N,D,G,A,A,H,C,D,Y,,L,4,0,1,0,0,1,SAN DIEGO
5645715,2012,2013-09-14,3711,2012-05-26,1541,,6,7,FLORIDA ST,EL CAJON BL,N,A,N,3,0,1,2,A,N,D,G,A,A,H,A,A,Y,,A,7,0,1,0,0,1,SAN DIEGO
4876034,2010,2011-10-03,3711,2010-09-10,1230,SANDI,5,7,EL CAJON BL,FLORIDA ST,Y,A,N,4,0,1,2,A,N,B,G,A,A,H,A,A,Y,,-,- ,0,0,1,0,1,SAN DIEGO
6993258,2015,2015-08-05,3711,2015-07-20,625,3711,1,7,FLORIDA ST,FLORIDA,Y,-,N,4,0,1,2,A,N,D,G,A,A,H,A,-,Y,,L,4,0,0,1,0,1,SAN DIEGO
4407166,2009,2010-06-14,3711,2009-09-17,1743,,4,7,FLORIDA ST,HOWARD RD,N,A,N,4,0,1,2,A,N,D,G,A,A,D,A,D,Y,,L,4,0,0,1,0,1,SAN DIEGO
4668289,2010,2011-03-07,3711,2010-04-13,1710,,2,7,FLORIDA ST,HOWARD AV,Y,A,N,3,0,1,1,A,N,H,A,A,A,H,A,D,Y,Y,L,4,0,1,0,0,1,SAN DIEGO
6558743,2014,2014-08-26,9650,2014-07-02,1311,,3,9,RICE CANYON RD,RAINBOW HEIGHTS RD,N,A,N,2,0,1,1,A,N,F,A,A,A,H,A,D,Y,,L,4,1,0,0,0,1,UNINCORPORATED
5150818,2011,2012-05-17,3711,2011-04-25,1450,,1,7,CYPRESS AV,FLORIDA ST,Y,A,N,3,0,1,2,A,N,F,A,A,A,H,A,A,Y,,L,4,0,1,0,0,1,SAN DIEGO
8563620,2018,2018-03-02,3711,2018-02-14,959,,3,7,EL CAJON BL,FLORIDA ST,Y,A,N,2,0,1,1,A,N,F,A,A,A,H,A,A,Y,,L,4,1,0,0,0,1,SAN DIEGO
8592101,2018,2018-04-18,3711,2018-03-21,735,,3,7,FLORIDA ST,POLK AV,Y,A,N,3,0,1,2,A,N,D,G,A,A,H,A,A,Y,,-,- ,0,1,0,0,1,SAN DIEGO
9070046,2020,2020-10-19,3711,2020-04-24,1855,,5,7,EL CAJON BL,FLORIDA ST,Y,A,N,3,0,1,2,B,M,B,G,A,A,H,A,A,Y,,-,99,0,1,0,0,1,SAN DIEGO
6060361,2013,2014-02-13,3711,2013-04-18,1828,,4,7,UNIVERSITY AV,FLORIDA ST,Y,A,N,3,0,1,2,A,N,D,G,A,A,H,A,-,Y,,L,4,0,1,0,0,1,SAN DIEGO
4734459,2010,2011-06-08,3711,2010-06-08,710,,2,7,FLORIDA,MORLEY FIELD DR,Y,B,N,3,0,1,1,A,N,H,G,A,A,B,A,A,Y,,L,4,0,1,0,0,1,SAN DIEGO
4870009,2010,2011-10-05,3711,2010-09-01,2242,,3,7,FLORIDA ST,UNIVERSITY AV,Y,A,N,3,0,1,2,A,N,D,G,A,A,H,C,A,Y,Y,L,4,0,1,0,0,1,SAN DIEGO
4423964,2009,2010-08-02,3711,2009-10-03,1731,SDPD,6,7,RAGWEED ST,BRASSICA ST,N,A,N,3,0,1,2,A,N,B,G,A,A,H,A,D,Y,,L,4,0,1,0,0,1,SAN DIEGO
4446743,2009,2010-06-30,3711,2009-10-19,1315,,1,7,FLORIDA DR,MORLEY FIELD DR,Y,A,N,3,0,1,1,A,N,F,J,A,A,A,A,A,Y,,L,4,0,1,0,0,1,SAN DIEGO
5456086,2012,2013-06-24,3711,2012-01-11,1314,,3,7,MORLEY FIELD DR,FLORIDA,N,A,N,3,0,1,2,A,N,G,G,A,A,H,A,A,Y,,L,4,0,1,0,0,1,SAN DIEGO
9128912,2020,2020-09-28,3711,2020-07-15,1624,,3,7,FLORIDA DR,MORLEY FIELD DR,N,A,N,3,0,1,2,A,N,B,G,A,A,H,A,D,Y,,L,4,0,1,0,0,1,SAN DIEGO
7064268,2015,2015-11-06,3711,2015-10-15,1515,,4,7,MIRA MESA BL,CAM RUIZ,N,B,N,3,0,1,2,A,N,D,G,A,A,H,A,A,Y,,L,4,0,1,0,0,1,SAN DIEGO
6902962,2015,2015-05-20,3711,2015-04-23,900,SANDI,4,7,FLORIDA ST,UNIVERSITY AV,N,B,N,4,0,1,2,A,N,E,G,A,A,H,A,D,Y,,-,,0,0,1,0,1,SAN DIEGO
8664762,2018,2018-08-27,3711,2018-07-10,1555,,2,7,FLORIDA,MYRTLE,N,B,N,3,0,1,1,D,N,F,A,A,A,D,A,-,Y,,-,- ,0,1,0,0,1,SAN DIEGO
8747999,2018,2019-01-29,3711,2018-11-26,1603,,1,7,FLORIDA CT,UNIVERSITY AV,Y,A,N,4,0,1,2,A,M,D,G,A,A,E,A,A,Y,,-,,0,0,1,0,1,SAN DIEGO
6625517,2014,2014-10-14,3711,2014-09-06,751,,6,7,CYPRESS AV,FLORIDA ST,Y,A,N,3,0,1,1,A,N,H,A,A,A,H,A,D,Y,,L,4,0,1,0,0,1,SAN DIEGO
8203008,2016,2017-01-13,3711,2016-12-19,1830,,1,7,MIRA MESA BL,CAMINO RUIZ,N,A,N,4,0,1,2,A,M,D,G,A,A,H,C,D,Y,,-,,0,0,1,0,1,SAN DIEGO
9032347,2019,2020-02-05,3711,2019-12-25,1430,,3,7,K ST,22ND ST,N,A,N,4,0,1,1,D,N,E,J,A,A,H,A,D,Y,,-,- ,0,0,1,0,1,SAN DIEGO
6695167,2014,2015-01-07,3711,2014-11-03,1643,,1,7,CLAIREMONT MESA BL,KEARNY MESA RD,N,A,N,3,0,1,2,A,N,D,G,A,A,H,A,D,Y,,A,1,0,1,0,0,1,SAN DIEGO
5952453,2012,2014-01-16,3711,2012-12-07,35,,5,7,ADAMS AV,FLORIDA ST,N,B,N,3,0,1,2,A,N,E,E,A,A,H,C,A,Y,Y,L,4,0,1,0,0,1,SAN DIEGO
4405215,2009,2010-06-09,3711,2009-09-28,32,,1,7,PINECREST AV,MURRAY RIDGE RD,N,B,N,3,0,1,1,A,N,H,-,A,A,H,C,D,Y,Y,L,4,0,1,0,0,1,SAN DIEGO
8594220,2018,2018-04-19,3711,2018-04-04,657,,3,7,CLAIREMONT MESA BL,KEARNY MESA RD,Y,A,N,3,0,1,2,A,N,D,G,A,A,H,A,A,Y,,L,4,0,1,0,0,1,SAN DIEGO
8361372,2017,2017-05-16,3711,2017-05-04,1308,,4,7,UNIVERSITY AV,FLORIDA,N,A,N,3,0,1,1,A,N,H,A,A,A,H,A,-,Y,Y,L,4,0,1,0,0,1,SAN DIEGO
8829448,2019,2019-04-11,3711,2019-03-16,946,3711,6,7,PASEO DEL SUR,REAGAN GLEN,Y,A,N,3,0,1,2,A,N,D,G,A,A,H,A,D,Y,,D,22,0,1,0,0,1,SAN DIEGO
8669289,2018,2018-08-14,3711,2018-07-13,1855,,5,7,COMMERCIAL ST,22ND ST,N,A,N,4,0,1,2,A,N,A,G,A,A,H,A,D,Y,Y,L,4,0,0,1,0,1,SAN DIEGO
5840023,2012,2013-12-21,3711,2012-10-02,1630,,2,7,MIRA MESA BL,CAMINO RUIZ,N,A,N,2,0,1,2,A,N,H,G,A,A,H,A,D,Y,,-,- ,1,0,0,0,1,SAN DIEGO
6611925,2014,2014-10-03,3711,2014-09-01,915,,1,7,MORLEY FIELD DR,PARK BL,N,B,N,3,0,1,1,A,N,H,-,A,A,H,A,D,Y,,L,4,0,1,0,0,1,SAN DIEGO
5071707,2011,2012-03-09,3711,2011-01-15,2105,,6,7,UNIVERSITY AV,FLORIDA ST,N,A,N,3,0,1,2,A,N,D,G,A,A,H,C,D,Y,,A,1,0,1,0,0,1,SAN DIEGO
8151860,2016,2016-10-26,3711,2016-10-13,1715,,4,7,B ST,23RD ST,N,A,N,3,0,1,1,A,N,H,A,A,A,H,A,D,Y,,L,4,0,1,0,0,1,SAN DIEGO
8679117,2018,2018-09-17,3711,2018-07-13,1530,SAN D,5,7,B ST,23RD ST,N,A,N,4,0,1,1,A,N,H,A,A,A,H,A,D,Y,,L,4,0,0,1,0,1,SAN DIEGO
6516109,2014,2015-09-24,3711,2014-06-14,108,SANDI,6,7,FLORIDA DR,ZOO PL,N,A,N,3,0,1,1,A,N,A,J,A,A,H,C,D,Y,Y,L,4,0,1,0,0,1,SAN DIEGO
4328993,2009,2010-04-08,3711,2009-07-16,1259,,4,7,UNIVERSITY AV,ALABAMA ST,N,A,N,2,0,1,1,A,N,F,A,A,A,H,A,D,Y,,L,4,1,0,0,0,1,SAN DIEGO
6886140,2015,2015-04-29,3711,2015-04-13,815,,1,7,ADAMS AV,PANORAMA DR,N,A,N,4,0,1,2,A,N,B,G,A,A,H,A,D,Y,,A,1,0,0,1,0,1,SAN DIEGO
6079835,2013,2014-02-21,3711,2013-05-17,1622,,5,7,FLORIDA DR,BOB WILSON DR,Y,B,N,3,0,1,2,A,N,D,G,A,A,H,A,A,Y,,A,1,0,1,0,0,1,SAN DIEGO
5281792,2011,2012-12-03,3711,2011-08-03,1731,,3,7,MIRAMAR RD,CABOT DR,N,A,N,4,0,1,2,A,N,B,G,A,A,H,A,A,Y,,-,- ,0,0,1,0,1,SAN DIEGO
7103069,2015,2015-10-29,3711,2015-10-08,1800,,4,7,UNIVERSITY AV,ALABAMA ST,N,A,N,4,0,1,1,A,N,E,A,A,A,H,A,D,Y,,L,4,0,0,1,0,1,SAN DIEGO
6494289,2014,2014-08-08,3711,2014-05-22,1446,,4,7,MIRA MESA BL,CAMINO RUIZ,N,A,N,3,0,1,2,A,N,D,G,A,A,H,A,D,Y,,L,4,0,1,0,0,1,SAN DIEGO
5618881,2012,2013-09-11,3711,2012-05-05,1600,,6,7,STATION VILLAGE WY,RIO SAN DIEGO DR,Y,A,N,3,0,1,2,A,N,D,G,A,A,H,A,A,Y,,A,1,0,1,0,0,1,SAN DIEGO
5333163,2011,2012-12-20,3711,2011-09-07,1050,,3,7,FLORIDA DR,PERSHING,N,A,N,3,0,1,1,C,N,H,A,A,A,H,A,A,Y,,-,- ,0,1,0,0,1,SAN DIEGO
8201645,2017,2017-03-29,3711,2017-03-07,913,,2,7,PERSHING DR,FLORIDA DR,N,A,N,3,0,1,2,A,N,B,G,A,A,H,A,A,Y,,L,4,0,1,0,0,1,SAN DIEGO
8438557,2017,2017-08-29,3711,2017-08-09,2107,CEN,3,7,PERSHING DR,FLORIDA ST,Y,A,N,4,0,1,1,A,N,G,G,A,A,H,C,A,Y,,L,4,0,0,1,0,1,SAN DIEGO
4252465,2009,2010-01-19,3711,2009-05-27,1020,,3,7,PERSHING DR,FLORIDA DR,Y,B,N,3,0,1,2,A,N,B,G,A,A,H,A,A,Y,,-,- ,0,1,0,0,1,SAN DIEGO
8616146,2018,2018-05-16,3711,2018-04-27,730,,5,7,PERSHING DR,FLORIDA,Y,B,N,4,0,1,2,A,N,B,G,A,A,H,A,A,Y,,A,1,0,0,1,0,1,SAN DIEGO
8937104,2019,2019-09-20,3711,2019-08-29,1254,,4,7,PERSHING DR,FLORIDA DR,N,A,N,4,0,1,2,A,N,B,G,A,A,D,A,D,Y,,L,4,0,0,1,0,1,SAN DIEGO
6902555,2015,2015-05-12,3711,2015-04-25,1300,,6,7,PERSHING DR,FLORIDA DR,N,A,N,3,0,1,2,A,N,B,H,A,A,H,A,A,Y,,-,,0,1,0,0,1,SAN DIEGO
7209375,2016,2016-03-16,3711,2016-03-04,840,,5,7,ADAMS,ALABAMA,N,A,N,3,0,1,2,A,N,B,G,A,A,H,A,D,Y,,-,,0,1,0,0,1,SAN DIEGO
8118101,2016,2016-09-09,3711,2016-08-29,1504,,1,7,MADISON AV,ALABAMA ST,N,A,N,3,0,1,2,A,N,B,G,A,A,H,A,D,Y,,A,1,0,1,0,0,1,SAN DIEGO
6116280,2013,2014-03-03,3711,2013-06-14,1750,SDPD,5,7,UNIVERSITY AV,ALABAMA ST,N,A,N,3,0,1,2,A,N,C,G,A,A,H,A,A,Y,,L,4,0,1,0,0,1,SAN DIEGO
9147151,2020,2020-10-22,3711,2020-08-26,1332,,3,7,ALABAMA ST,HOWARD AV,Y,A,N,3,0,1,2,A,N,D,G,A,B,H,A,D,Y,,L,4,0,1,0,0,1,SAN DIEGO
8151994,2016,2016-10-28,3711,2016-10-18,821,SAN D,2,7,ALABAMA ST,UNIVERSITY AV,N,A,N,3,0,1,2,A,N,D,G,A,A,H,A,D,Y,,L,4,0,1,0,0,1,SAN DIEGO
5458641,2012,2013-07-17,3711,2012-02-04,1320,,6,7,UNIVERSITY AV,ALABAMA ST,Y,A,N,2,0,1,2,A,N,D,G,A,A,H,A,D,Y,,D,22,1,0,0,0,1,SAN DIEGO
4375418,2009,2010-04-20,3711,2009-08-26,1831,,3,7,ALABAMA ST,UNIVERSITY AV,N,A,N,3,0,1,2,A,N,D,G,A,A,H,A,D,Y,,L,4,0,1,0,0,1,SAN DIEGO
4174500,2009,2009-11-07,3711,2009-03-20,300,,5,7,UNIVERSITY AV,ALABAMA ST,Y,F,N,3,0,1,2,A,M,C,G,A,A,H,C,D,Y,,A,,0,1,0,0,1,SAN DIEGO
5355952,2011,2012-12-12,3711,2011-09-09,2014,,5,7,UNIVERSITY AV,ALABAMA ST,Y,B,N,3,0,1,2,A,N,C,G,A,A,H,C,D,Y,,L,4,0,1,0,0,1,SAN DIEGO
4331617,2009,2010-04-05,3711,2009-07-26,1015,,7,7,UNIVERSITY AV,ALABAMA ST,N,A,N,3,0,1,1,-,N,F,J,A,A,H,A,D,Y,,-,- ,0,1,0,0,1,SAN DIEGO
6352476,2014,2014-06-05,3711,2014-01-13,1454,,1,7,26TH ST,PERSHING DR,N,A,N,3,0,1,2,A,N,-,G,A,A,H,A,A,Y,,L,4,0,1,0,0,1,SAN DIEGO
4297539,2009,2010-02-12,3711,2009-06-25,1859,,4,7,24TH ST,J ST,Y,A,N,4,0,1,1,A,N,F,A,A,A,H,A,D,Y,Y,L,4,0,0,1,0,1,SAN DIEGO
4696453,2010,2011-03-29,3711,2010-04-30,2353,,5,7,UNIVERSITY AV,ALABAMA,N,A,N,3,0,1,2,A,M,-,G,A,A,H,C,D,Y,,-,- ,0,1,0,0,1,SAN DIEGO
6870366,2015,2015-04-18,3711,2015-03-27,1404,,5,7,IMPERIAL AV,24TH ST,N,A,N,3,0,1,2,A,M,D,G,A,A,H,A,D,Y,,-,,0,1,0,0,1,SAN DIEGO
4236019,2009,2009-12-23,3711,2009-05-11,1827,,1,7,UNIVERSITY AV,ALABAMA ST,N,A,N,3,0,1,2,A,N,-,G,A,A,H,A,D,Y,,-,- ,0,1,0,0,1,SAN DIEGO
9084266,2020,2020-06-30,3711,2020-03-23,1541,,1,7,UNIVERSITY AV,ALABAMA ST,N,A,N,4,0,1,1,D,N,H,A,A,A,H,A,D,Y,,-,- ,0,0,1,0,1,SAN DIEGO
6529772,2014,2014-08-20,3711,2014-06-17,1702,,2,7,WIGHTMAN ST,ALABAMA ST,Y,A,N,2,0,1,1,A,N,F,A,A,A,H,A,A,Y,,L,4,1,0,0,0,1,SAN DIEGO
8725062,2018,2018-10-24,3700,2018-09-07,1545,,5,5,E BARHAM DR,WOODLAND PKWY,N,-,N,3,0,1,2,A,N,B,G,A,A,H,-,D,Y,,D,22,0,1,0,0,1,SAN MARCOS
6231102,2013,2014-04-29,3711,2013-10-05,1020,,6,7,ADAMS AV,PANORAMA DR,N,A,N,3,0,1,2,A,N,-,G,A,A,H,A,D,Y,,-,- ,0,1,0,0,1,SAN DIEGO
6706117,2014,2014-12-09,3711,2014-10-22,2150,,3,7,MARKET ST,24TH ST,N,A,N,4,0,1,1,A,N,H,A,A,A,H,C,A,Y,,L,4,0,0,1,0,1,SAN DIEGO
6446175,2014,2014-07-23,3711,2014-04-01,1530,,2,7,CAMINO RUIZ,CARROLL CANYON RD,N,B,N,3,0,1,1,A,N,H,-,A,A,H,A,D,Y,,L,4,0,1,0,0,1,SAN DIEGO
6782782,2015,2015-02-27,3711,2015-01-03,1155,SD,6,7,CAMINO RUIZ,CARROLL CANYON,N,A,N,3,0,1,1,A,N,F,-,A,A,H,A,D,Y,,-,- ,0,1,0,0,1,SAN DIEGO
5238833,2011,2012-10-11,3711,2011-06-16,1950,,4,7,THUNDERHEAD ST,SUNDANCE  AV,Y,B,N,3,0,1,1,A,N,E,I,A,A,H,B,D,Y,,L,4,0,1,0,0,1,SAN DIEGO
8193704,2016,2017-01-11,3711,2016-12-13,838,,2,7,AERO DR,AERO DR 8583,Y,A,N,3,0,1,1,A,N,-,-,A,B,H,A,A,Y,,L,4,0,1,0,0,1,SAN DIEGO
9036470,2020,2020-03-17,3711,2020-01-06,1705,,1,7,PERSHING DR,26TH ST,N,A,N,2,0,1,1,A,N,A,A,A,A,A,B,D,Y,,L,4,1,0,0,0,1,SAN DIEGO
6144435,2013,2014-03-13,3711,2013-07-09,1205,,2,7,MARKET ST,24TH ST,N,A,N,3,0,1,1,A,N,H,G,A,A,H,A,A,Y,Y,L,4,0,1,0,0,1,SAN DIEGO
5054712,2011,2012-03-08,3711,2011-01-03,2305,,1,7,EL CAJON BL,ALABAMA ST,N,C,N,3,0,1,1,D,N,F,A,A,B,H,C,D,Y,Y,-,- ,0,1,0,0,1,SAN DIEGO
6833685,2015,2015-03-12,3711,2015-02-17,655,,2,7,SAMPSON ST,MAIN ST,N,A,N,3,0,1,1,D,N,H,A,A,A,A,A,D,Y,,-,- ,0,1,0,0,1,SAN DIEGO
8735380,2018,2018-11-21,3711,2018-11-04,2105,,7,7,NATIONAL AV,S EVANS,N,A,N,3,0,1,1,A,N,E,-,A,A,D,C,D,Y,Y,L,4,0,1,0,0,1,SAN DIEGO
9075278,2020,2020-06-19,3711,2020-03-05,1350,,4,7,CASEY GLEN,NEW PARK TR,Y,A,N,3,0,1,2,A,N,D,G,A,A,H,A,A,Y,,A,1,0,1,0,0,1,SAN DIEGO
8780066,2018,2019-02-15,3711,2018-11-25,2302,,7,7,CLAIREMONT MESA BL,RT 163,N,A,N,2,0,1,2,A,N,C,G,A,A,H,C,D,Y,,A,1,1,0,0,0,1,SAN DIEGO
9040575,2020,2020-02-24,3711,2020-01-10,630,,5,7,MAIN ST,SAMPSON ST,N,A,N,4,0,1,2,A,M,B,G,A,A,H,A,A,Y,Y,-,,0,0,1,0,1,SAN DIEGO
6117013,2013,2014-04-03,3711,2013-06-22,900,,6,7,UNIVERSITY AV,MISSISSIPPI,N,A,N,3,0,1,1,A,N,H,-,A,A,H,A,A,Y,,-,- ,0,1,0,0,1,SAN DIEGO
5340303,2011,2012-12-19,3711,2011-10-13,1803,,4,7,HOWARD AV,MISSISSIPPI ST,Y,A,N,3,0,1,2,A,N,D,G,A,A,H,A,A,Y,,A,1,0,1,0,0,1,SAN DIEGO
7145959,2015,2016-02-08,3711,2015-12-08,1058,,2,7,UNIVERSITY AV,MISSISSIPPI ST,N,A,N,3,0,1,2,A,N,B,G,A,A,H,A,A,Y,,L,4,0,1,0,0,1,SAN DIEGO
4975570,2010,2011-12-16,3711,2010-12-15,1643,,3,7,UNIVERSITY AV,MISSISSIPPI ST,Y,B,N,3,0,1,2,-,N,C,G,A,A,H,B,A,Y,,-,- ,0,1,0,0,1,SAN DIEGO
6587472,2014,2016-01-05,3711,2014-08-04,1442,SD,1,7,RIO SAN DIEGO,QUALCOMM WY,N,A,N,3,0,1,2,A,N,H,G,A,A,H,A,A,Y,,L,4,0,1,0,0,1,SAN DIEGO
5877869,2012,2013-12-24,3711,2012-10-26,1700,SANDI,5,7,UNIVERSITY AV,MISSISSIPPI ST,N,A,N,3,0,1,2,A,N,G,G,A,A,H,A,A,Y,,-,- ,0,1,0,0,1,SAN DIEGO
4329683,2009,2010-03-24,3711,2009-07-09,2030,,4,7,HARRISON AV,CESAR CHAVEZ,Y,A,N,3,0,1,2,A,M,D,G,A,A,H,B,D,Y,,-,- ,0,1,0,0,1,SAN DIEGO
4178594,2009,2009-11-16,9650,2009-03-21,1300,,6,9,RICE CANYON RD,RT 76,N,A,N,4,0,1,2,A,N,A,G,A,A,H,A,D,Y,,L,4,0,0,1,0,1,UNINCORPORATED
5825327,2012,2013-12-13,3711,2012-09-05,545,,3,7,SAMPSON DR,NEWTON AV,N,A,N,2,0,1,2,A,N,D,G,A,A,H,B,-,Y,,L,4,1,0,0,0,1,SAN DIEGO
8361460,2017,2017-05-23,3711,2017-05-06,2111,SANDI,6,7,KELOWNA RD,SCHNEPLE,N,A,N,4,0,1,1,A,N,E,-,A,A,H,C,D,Y,Y,L,4,0,0,1,0,1,SAN DIEGO
8706937,2018,2018-10-09,3711,2018-09-18,1535,,2,7,CARMEL MOUNTAIN RD,ENTEKEN WY,N,A,N,4,0,1,2,A,M,B,G,A,A,H,A,A,Y,,-,,0,0,1,0,1,SAN DIEGO
6630761,2014,2014-11-04,3700,2014-09-16,650,,2,5,WOODLAND PKWY,RANCHEROS DR,N,A,N,4,0,1,2,A,M,B,G,A,A,H,A,D,Y,,A,1,0,0,1,0,1,SAN MARCOS
4327032,2009,2010-04-08,3711,2009-07-23,652,,4,7,IMPERIAL AV,25TH ST,N,B,N,4,0,1,2,A,N,C,G,A,A,H,A,D,Y,,L,4,0,0,1,0,1,SAN DIEGO
91122437,2019,2019-11-18,9650,2019-11-10,838,,7,9,RICE CANYON ROAD,SR-76,N,A,N,2,0,1,1,A,N,F,A,A,A,H,A,D,Y,,L,4,1,0,0,0,1,UNINCORPORATED
91123807,2019,2019-11-19,9650,2019-11-10,843,,7,9,RICE CANYON ROAD,SR-76,N,A,N,2,0,1,2,A,N,F,A,A,A,H,A,D,Y,,L,4,1,0,0,0,1,UNINCORPORATED
5724926,2012,2013-11-04,3711,2012-06-08,1709,SDPD,5,7,UNIVERSITY AV,TEXAS,N,A,N,4,0,1,2,A,N,H,G,A,A,H,A,A,Y,,-,- ,0,0,1,0,1,SAN DIEGO
5575476,2012,2013-08-21,3711,2012-04-03,1659,,2,7,25TH ST,B ST,N,A,N,3,0,1,2,A,N,D,G,A,A,H,A,A,Y,,L,4,0,1,0,0,1,SAN DIEGO
5645755,2012,2013-09-21,3711,2012-05-27,1327,SANDI,7,7,BROADWAY,25TH ST,Y,A,N,4,0,1,2,A,N,D,G,A,A,H,A,A,Y,,-,- ,0,0,1,0,1,SAN DIEGO
8829677,2019,2019-04-16,3711,2019-02-20,2311,,3,7,25TH ST,MARKET ST,N,C,N,3,0,1,2,A,N,D,G,A,-,H,C,A,Y,,L,4,0,1,0,0,1,SAN DIEGO
5453769,2011,2013-02-11,3711,2011-12-23,1249,,5,7,J ST,25TH,N,A,N,3,0,1,1,A,N,H,G,A,A,H,A,A,Y,Y,L,4,0,1,0,0,1,SAN DIEGO