CASE_ID,ACCIDENT_YEAR,PROC_DATE,JURIS,COLLISION_DATE,COLLISION_TIME,REPORTING_DISTRICT,DAY_OF_WEEK,POPULATION,PRIMARY_RD,SECONDARY_RD,INTERSECTION,WEATHER_1,STATE_HWY_IND,COLLISION_SEVERITY,NUMBER_KILLED,NUMBER_INJURED,PARTY_COUNT,PRIMARY_COLL_FACTOR,HIT_AND_RUN,TYPE_OF_COLLISION,MVIW,PED_ACTION,ROAD_SURFACE,ROAD_COND_1,LIGHTING,CONTROL_DEVICE,BICYCLE_ACCIDENT,ALCOHOL_INVOLVED,STWD_VEHTYPE_AT_FAULT,CHP_VEHTYPE_AT_FAULT,COUNT_SEVERE_INJ,COUNT_VISIBLE_INJ,COUNT_COMPLAINT_PAIN,COUNT_BICYCLIST_KILLED,COUNT_BICYCLIST_INJURED,CITY
8160831,2016,2016-11-09,3711,2016-10-31,1746,SDPD,1,7,NORMA DR,CONSTANCE DR,N,A,N,4,0,1,2,A,N,D,G,A,A,H,A,D,Y,,L,4,0,0,1,0,1,SAN DIEGO
4191574,2009,2009-12-07,3709,2009-04-02,1242,,4,5,F ST,EAST 24TH ST,N,A,N,3,0,1,2,A,N,D,C,A,A,H,A,D,Y,,L,4,0,1,0,0,1,NATIONAL CITY
6937968,2015,2015-09-19,3709,2015-07-27,1113,,1,5,HIGHLAND AV,EAST 18TH ST,N,A,N,3,0,1,2,A,N,H,G,A,A,H,A,D,Y,,L,4,0,1,0,0,1,NATIONAL CITY
8390208,2017,2017-06-19,3702,2017-04-07,1330,,5,6,FLOWER ST,MADISON AV,N,A,N,3,0,2,2,A,N,D,G,A,B,H,A,A,Y,,L,4,0,1,1,0,2,CHULA VISTA
8820970,2019,2019-03-21,3706,2019-02-05,1405,ESCON,2,6,TULIP ST,RAILROAD AV,N,B,N,4,0,1,2,A,N,D,G,A,B,H,A,D,Y,,L,4,0,0,1,0,1,ESCONDIDO
5347920,2011,2012-12-18,3711,2011-10-16,1510,,7,7,SPRING CANYON RD,WATERTON RD,N,A,N,3,0,1,1,A,N,F,-,A,A,H,A,D,Y,,L,4,0,1,0,0,1,SAN DIEGO
4838977,2010,2011-09-07,3711,2010-08-10,1004,,2,7,MENLO AV,DWIGHT ST,N,A,N,3,0,1,2,A,N,D,E,A,A,H,A,D,Y,,L,4,0,1,0,0,1,SAN DIEGO
4634759,2010,2011-01-03,3709,2010-02-22,924,NATIO,1,5,4TH ST,M AV,Y,B,N,3,0,1,2,A,N,D,G,A,A,H,A,D,Y,,A,8,0,1,0,0,1,NATIONAL CITY
5332843,2011,2012-12-14,3702,2011-09-15,948,,4,6,BAY BLVD,J ST,N,B,N,3,0,1,2,A,N,D,G,A,A,H,A,D,Y,,D,22,0,1,0,0,1,CHULA VISTA
8313825,2017,2017-03-06,3702,2017-01-06,1551,,5,6,BROADWAY,D ST,Y,A,N,4,0,1,2,D,N,D,G,A,A,H,A,A,Y,,-,- ,0,0,1,0,1,CHULA VISTA
6162757,2013,2014-04-16,3711,2013-08-02,1330,SANDI,5,7,DONAX AV,18TH ST,N,A,N,4,0,1,2,A,N,D,G,A,A,H,A,D,Y,,L,4,0,0,1,0,1,SAN DIEGO
4733863,2010,2011-05-12,3711,2010-05-25,1058,,2,7,EL CAJON BL,MENLO AV,N,B,N,4,0,1,2,A,N,B,G,A,A,H,A,D,Y,,A,1,0,0,1,0,1,SAN DIEGO
5625099,2012,2013-08-17,3702,2012-04-29,1415,,7,6,BAY BL,J ST,Y,A,N,4,0,1,2,A,N,G,G,A,A,H,A,D,Y,,L,4,0,0,1,0,1,CHULA VISTA
5814173,2012,2012-12-26,3711,2012-11-14,1756,,3,7,HOME AV,MENLO AV,N,B,N,2,0,1,2,A,N,D,G,A,A,H,C,D,Y,Y,L,4,1,0,0,0,1,SAN DIEGO
7176961,2016,2016-03-04,3709,2016-01-03,916,3709,7,5,D AV,E 31ST ST,N,A,N,4,0,1,2,A,N,B,G,A,A,H,A,D,Y,,A,1,0,0,1,0,1,NATIONAL CITY
8963629,2019,2019-10-31,3702,2019-10-06,822,,7,6,BAY BL,MARINA PKWY,N,A,N,4,0,1,2,A,N,G,G,A,A,H,A,D,Y,,A,7,0,0,1,0,1,CHULA VISTA
4397143,2009,2010-03-10,3702,2009-07-31,1811,3702,5,6,J ST,BAY BL,Y,A,N,3,0,1,2,D,N,D,G,A,A,H,A,A,Y,,-,- ,0,1,0,0,1,CHULA VISTA
7058170,2015,2015-11-24,3711,2015-11-03,1600,,2,7,UNIVERSITY AV,MENLO,N,A,N,4,0,1,2,A,N,D,G,A,A,H,A,D,Y,,L,4,0,0,1,0,1,SAN DIEGO
6611798,2014,2014-09-18,3702,2014-08-07,1603,,4,6,G ST,WOODLAWN AV,N,A,N,3,0,1,2,A,N,D,G,A,A,H,A,D,Y,,L,4,0,1,0,0,1,CHULA VISTA
6585942,2014,2014-08-18,3702,2014-07-09,750,,3,6,J ST,BAY BL,Y,A,N,3,0,1,2,A,N,B,G,A,A,H,A,A,Y,,A,1,0,1,0,0,1,CHULA VISTA
8114594,2016,2016-09-12,3702,2016-08-01,230,,1,6,BAY BL,J ST,Y,A,N,3,0,1,2,A,N,B,G,A,A,H,C,A,Y,Y,A,1,0,1,0,0,1,CHULA VISTA
4458598,2009,2010-08-05,3711,2009-11-02,809,,1,7,BERNARDO CENTER DR,AVENIDA ABEJA,N,A,N,4,0,1,2,A,N,A,G,A,A,H,A,A,Y,,-,- ,0,0,1,0,0,SAN DIEGO
4220726,2009,2010-01-05,3711,2009-05-06,1650,,3,7,ZION AV,ARCHWOOD AV,N,A,N,3,0,1,2,A,N,B,E,A,A,H,A,D,Y,Y,L,4,0,1,0,0,1,SAN DIEGO
6248380,2013,2014-07-03,3711,2013-10-17,1648,,4,7,ZION AV,ARCHWOOD,Y,A,N,3,0,1,2,A,N,D,G,A,A,H,A,A,Y,,L,4,0,1,0,0,1,SAN DIEGO
4575441,2010,2010-11-15,3709,2010-01-06,1550,SANDI,3,5,EAST 8TH ST,L AV,Y,A,N,3,0,1,2,A,N,D,G,A,A,H,B,A,Y,Y,A,1,0,1,0,0,1,NATIONAL CITY
90047604,2015,2015-11-10,9650,2015-11-07,1315,,6,9,COUSER CANYON RD,SR-76,N,A,N,3,0,1,1,C,N,H,G,A,A,H,A,D,Y,,-,- ,0,1,0,0,1,UNINCORPORATED
4775149,2010,2011-05-13,3706,2010-05-17,650,ESCON,1,6,WASHINGTON AV,SPRUCE ST,Y,A,N,3,0,1,2,A,F,D,G,A,A,H,A,A,Y,,D,22,0,1,0,0,1,ESCONDIDO
6487353,2014,2014-07-15,3706,2014-04-26,1217,ESPD,6,6,EL NORTE PKWY,LAS VILLAS WY,N,A,N,3,0,1,2,A,N,B,G,A,A,H,A,D,Y,,A,1,0,1,0,0,1,ESCONDIDO
5526180,2012,2013-08-03,3706,2012-03-02,717,SAN D,5,6,IRIS LN,COUNTRY CLUB LN,Y,A,N,3,0,1,2,A,N,D,G,A,A,H,A,D,Y,,A,1,0,1,0,0,1,ESCONDIDO
6870344,2015,2015-04-14,3706,2015-03-07,1623,,6,6,CENTER CITY PKWY,IRIS LN,N,A,N,3,0,1,1,C,N,E,I,A,A,B,A,D,Y,,-,- ,0,1,0,0,1,ESCONDIDO
7156172,2015,2016-01-19,3711,2015-12-15,830,7,2,7,PALM AV,SATURN BL,N,A,N,3,0,1,2,A,N,G,G,A,A,G,A,A,Y,,A,1,0,1,0,0,1,SAN DIEGO
7043015,2015,2015-09-28,3711,2015-08-17,1219,,1,7,PALM AV,RT 805,N,A,N,3,0,1,2,A,N,D,G,A,A,H,A,D,Y,,L,4,0,1,0,0,1,SAN DIEGO
4670747,2010,2011-03-16,3711,2010-04-18,1424,,7,7,UNIVERSITY AV,MENLO AV,Y,A,N,3,0,1,2,A,N,D,G,A,A,H,A,D,Y,,-,- ,0,1,0,0,1,SAN DIEGO
8444045,2017,2017-09-14,3706,2017-08-11,1900,ESCON,5,6,LAS VILLAS WY,EL NORTE PKWY,N,A,N,3,0,1,2,A,N,H,G,A,A,H,A,A,Y,,L,4,0,1,0,0,1,ESCONDIDO
4121550,2009,2009-10-07,3711,2009-02-27,753,,5,7,LOGAN AV,SOUTH 47TH ST,N,B,N,3,0,1,1,D,N,F,G,A,A,H,A,D,Y,Y,-,- ,0,1,0,0,1,SAN DIEGO
9119207,2020,2020-09-23,3711,2020-07-05,1541,,7,7,EL CAJON BL,MENLO AV,N,A,N,4,0,1,2,A,N,D,G,A,-,H,A,D,Y,,L,4,0,0,1,0,1,SAN DIEGO
8794094,2019,2019-02-07,3706,2019-01-14,2028,ESCON,1,6,CENTRE CITY PKWY,IRIS LN,N,A,N,3,0,1,2,A,N,B,G,A,A,H,C,D,Y,,-,- ,0,1,0,0,1,ESCONDIDO
8621473,2018,2018-05-29,3711,2018-05-08,623,,2,7,EL CAJON BL,MENLO AV,N,B,N,3,0,1,2,A,N,D,G,A,A,H,A,D,Y,,A,8,0,1,0,0,1,SAN DIEGO
5450581,2011,2013-02-02,3709,2011-12-09,1306,,5,5,EAST PLAZA BL,L AV,Y,A,N,4,0,1,2,A,N,D,G,A,A,H,A,A,Y,,A,1,0,0,1,0,1,NATIONAL CITY
8732772,2018,2018-11-16,3706,2018-10-19,730,ESCON,5,6,EL NORTE PKWY,CENTRE CITY PKWY,N,A,N,4,0,1,2,A,N,H,G,A,A,H,A,A,Y,,A,1,0,0,1,0,1,ESCONDIDO
8459738,2017,2017-10-02,3709,2017-08-24,2133,,4,5,HIGHLAND AV,22ND ST,Y,A,N,4,0,1,2,A,N,D,G,A,A,H,C,A,Y,Y,L,4,0,0,1,0,1,NATIONAL CITY
8451800,2017,2017-10-02,3711,2017-08-30,1158,,3,7,CAM ABROJO,CAM ARMILLA,Y,A,N,3,0,1,1,-,N,F,A,A,A,H,A,D,Y,,-,- ,0,1,0,0,1,SAN DIEGO
5951221,2012,2013-12-27,3702,2012-11-19,1715,,1,6,H ST,WOODLAWN AV,Y,A,N,4,0,1,2,A,N,D,G,A,A,H,A,A,Y,,L,4,0,0,1,0,1,CHULA VISTA
6194783,2013,2014-03-29,3702,2013-08-03,1115,,6,6,H ST,WOODLAWN,N,A,N,2,0,1,2,A,N,A,G,A,A,H,A,A,Y,,L,4,1,0,0,0,1,CHULA VISTA
6024173,2013,2014-02-06,3711,2013-03-31,1700,,7,7,TIERRASANTA BL,RUEDA DR,Y,A,N,3,0,1,2,A,N,B,G,A,A,H,A,A,Y,,L,4,0,1,0,0,1,SAN DIEGO
6072259,2013,2014-02-27,3711,2013-05-02,1425,,4,7,TIERRASANTA BL,RUEDA DR,Y,A,N,3,0,1,2,A,N,D,G,A,A,H,A,A,Y,,L,4,0,1,0,0,1,SAN DIEGO
8089948,2016,2016-10-20,3711,2016-08-30,1640,,2,7,TIERRA SANTA BL,RUEDA DR,Y,A,N,4,0,1,2,A,M,C,G,A,A,H,A,A,Y,,-,,0,0,1,0,1,SAN DIEGO
5638098,2012,2012-08-07,3711,2012-07-03,2253,,2,7,SOUTH 47TH ST,SOLOLA  AV,N,A,N,1,1,0,3,A,N,H,G,A,A,H,C,D,Y,,L,4,0,0,0,1,0,SAN DIEGO
8971824,2019,2019-11-19,3711,2019-10-18,1545,,5,7,SOUTH 47TH ST,LADNER ST,N,A,N,3,0,1,1,C,N,H,-,A,A,H,A,D,Y,,-,- ,0,1,0,0,1,SAN DIEGO
5727807,2012,2013-10-01,3711,2012-06-17,1329,,7,7,SOUTH 47TH ST,IMPERIAL,N,A,N,3,0,1,2,A,N,H,G,A,A,H,A,A,Y,,L,4,0,1,0,0,1,SAN DIEGO
5526212,2012,2013-08-03,3711,2012-03-02,643,3711,5,7,OCEAN VIEW BL,SOUTH 47TH ST,N,A,N,3,0,1,2,A,N,D,G,A,A,H,A,A,Y,,L,4,0,1,0,0,1,SAN DIEGO
8207722,2016,2017-01-13,3711,2016-12-24,1840,,6,7,47TH ST,IMPERIAL AV,Y,B,N,2,0,1,2,A,N,H,G,A,A,H,C,A,Y,Y,L,4,1,0,0,0,1,SAN DIEGO
5343405,2011,2012-12-14,3711,2011-09-16,1816,,5,7,47TH ST,HARTLEY ST,N,A,N,3,0,1,2,A,N,D,G,A,A,H,B,D,Y,,L,4,0,1,0,0,1,SAN DIEGO
5637462,2012,2013-09-21,3711,2012-05-31,1030,SANDI,4,7,47TH ST,NOGAL ST,N,A,N,3,0,1,2,A,N,H,G,A,A,H,A,D,Y,,A,1,0,1,0,0,1,SAN DIEGO
6949854,2015,2015-07-03,3711,2015-06-01,1810,,1,7,47TH ST,NOGAL ST,N,A,N,3,0,1,2,A,N,-,G,A,A,H,A,D,Y,Y,-,,0,1,0,0,1,SAN DIEGO
8767179,2018,2019-01-08,3711,2018-12-04,1440,,2,7,47TH ST,47TH ST 600,-,A,N,4,0,1,1,A,N,H,-,A,A,H,A,D,Y,,L,4,0,0,1,0,1,SAN DIEGO
6851234,2015,2015-03-23,3711,2015-03-04,1539,SAN D,3,7,47TH ST,MARKET ST,N,A,N,3,0,1,1,B,N,E,I,A,A,H,A,D,Y,,-,- ,0,1,0,0,1,SAN DIEGO
6833705,2015,2015-03-13,3711,2015-02-15,2300,,7,7,47TH ST,MARKET ST,Y,A,N,2,0,1,2,A,N,D,G,A,A,H,C,A,Y,,L,4,1,0,0,0,1,SAN DIEGO
5734642,2012,2013-11-04,3711,2012-07-15,730,SD,7,7,47TH ST,47TH ST 700,N,D,N,3,0,1,1,D,N,H,A,A,A,H,A,D,Y,,-,- ,0,1,0,0,1,SAN DIEGO
8713700,2018,2018-10-18,3711,2018-09-22,1926,,6,7,47TH ST,C ST,N,A,N,2,0,1,2,A,F,A,G,A,A,H,B,D,Y,,L,4,1,0,0,0,1,SAN DIEGO
6351412,2016,2016-08-24,3711,2016-03-06,1940,,7,7,47TH ST,GUYMON ST,N,B,N,3,0,1,2,A,N,D,G,A,A,H,C,D,Y,Y,L,4,0,1,0,0,1,SAN DIEGO
6316931,2013,2014-05-30,3709,2013-12-24,1827,,2,5,4TH ST,NORTON AV,Y,A,N,2,0,1,2,A,F,D,G,A,A,H,C,D,Y,,L,4,1,0,0,0,1,NATIONAL CITY
4558562,2010,2010-10-26,3711,2010-01-29,1646,,5,7,GUYMON ST,47TH ST,N,A,N,3,0,1,2,A,N,D,G,A,A,H,A,A,Y,,L,4,0,1,0,0,1,SAN DIEGO
5628407,2012,2013-06-05,3702,2012-04-14,2202,,6,6,H ST,WOODLAWN AV,N,B,N,4,0,1,2,A,F,G,B,A,A,H,C,D,Y,,A,1,0,0,1,0,1,CHULA VISTA
5266086,2011,2012-11-14,3711,2011-07-20,1930,,3,7,NATALIE DR,MADISON AV,N,A,N,4,0,1,1,A,N,E,I,A,A,H,A,D,Y,,L,4,0,0,1,0,1,SAN DIEGO
4439721,2009,2010-06-23,3711,2009-10-06,1526,,2,7,ALDINE DR,MONROE AV,Y,B,N,3,0,1,2,A,N,B,G,A,A,H,A,D,Y,,L,4,0,1,0,0,1,SAN DIEGO
6940058,2015,2015-08-19,3711,2015-05-19,1815,,2,7,47TH ST,FEDERAL,Y,A,N,4,0,1,2,A,N,B,G,A,A,-,A,A,Y,,-,- ,0,0,1,0,1,SAN DIEGO
4766057,2010,2011-05-17,3702,2010-05-12,931,,3,6,BROADWAY,E ST,Y,A,N,3,0,1,2,A,N,E,G,A,A,H,A,A,Y,,A,1,0,1,0,0,1,CHULA VISTA
6216036,2013,2014-04-09,3706,2013-09-08,1320,ESCON,7,6,EL NORTE PKWY,CENTRE CITY PKWY,N,A,N,4,0,1,2,A,F,B,G,A,A,H,A,A,Y,,A,1,0,0,1,0,1,ESCONDIDO
8733532,2018,2018-11-08,3702,2018-09-27,1902,,4,6,BROADWAY,E ST,N,A,N,4,0,1,2,A,N,D,G,A,A,H,C,A,Y,,A,1,0,0,1,0,1,CHULA VISTA
5617137,2012,2013-12-30,3706,2012-05-07,1810,ESPD,1,6,CENTRE CITY PKWY,DECATUR WY,N,A,N,3,0,1,2,A,N,B,G,A,A,H,A,D,Y,,L,4,0,1,0,0,1,ESCONDIDO
8564988,2018,2018-03-02,3706,2018-02-18,1305,ESPD,7,6,CENTRE CITY PKWY,EL NORTE PKWY,N,B,N,3,0,1,1,A,N,H,G,A,A,H,A,D,Y,Y,L,4,0,1,0,0,1,ESCONDIDO
8760659,2018,2018-12-24,3706,2018-09-07,2249,ESCON,5,6,CENTRE CITY PKWY,EL NORTE PKWY,Y,A,N,2,0,3,2,D,N,H,G,A,A,H,C,A,Y,,-,- ,1,0,2,0,1,ESCONDIDO
8765087,2018,2018-12-21,3706,2018-11-28,2004,ESCON,3,6,CENTRE CITY PKWY,EL NORTE PKWY,Y,A,N,4,0,1,2,A,N,D,G,A,A,H,C,A,Y,,L,4,0,0,1,0,1,ESCONDIDO
6658052,2014,2014-10-21,3706,2014-09-30,630,,2,6,CENTRE CITY PKWY,EL NORTE PKWY,Y,A,N,4,0,1,2,A,N,D,G,A,A,H,A,A,Y,,L,4,0,0,1,0,1,ESCONDIDO
7197880,2016,2016-03-11,3709,2016-02-21,5,NATIO,7,5,HIGHLAND AV,24TH ST,Y,A,N,4,0,1,2,A,N,B,G,A,A,H,A,A,Y,,L,4,0,0,1,0,1,NATIONAL CITY
8390216,2017,2017-06-19,3702,2017-05-03,1056,,3,6,H ST,WOODLAWN AV,N,A,N,3,0,1,2,A,F,D,G,A,A,H,A,A,Y,,A,1,0,1,0,0,1,CHULA VISTA
6401503,2014,2014-06-06,3711,2014-01-28,1129,,2,7,47TH ST,UNIVERSITY AV,Y,A,N,4,0,1,2,A,N,D,G,A,A,H,A,D,Y,,-,,0,0,1,0,1,SAN DIEGO
6524965,2014,2014-08-08,3711,2014-06-10,1630,,2,7,UNIVERSITY AV,47TH ST,Y,A,N,4,0,1,2,A,M,D,G,A,A,H,A,A,Y,,-,,0,0,1,0,1,SAN DIEGO
8178718,2016,2016-12-06,3711,2016-11-07,2049,,1,7,UNIVERSITY AV,47TH ST,Y,A,N,2,0,1,2,A,N,D,G,A,A,H,C,A,Y,,L,4,1,0,0,0,1,SAN DIEGO
8889318,2019,2019-07-15,3711,2019-06-17,2009,,1,7,LOGAN AV,SOUTH 47TH ST,N,A,N,3,0,1,2,A,M,H,G,A,A,H,C,A,Y,,-,,0,1,0,0,1,SAN DIEGO
6032159,2013,2014-12-09,3702,2013-03-26,852,,2,6,J ST,RT 5,Y,B,N,4,0,1,2,A,N,D,G,A,A,H,A,A,Y,,L,4,0,0,1,0,1,CHULA VISTA
6376660,2014,2014-07-08,3711,2014-02-04,1600,SANDI,2,7,47TH ST,ORANGE AV,N,A,N,4,0,1,2,A,M,D,G,A,A,H,A,D,Y,,L,4,0,0,1,0,1,SAN DIEGO
8453773,2017,2017-09-28,3706,2017-09-14,1446,ESCON,4,6,QUINCE ST,MISSION AV,N,A,N,4,0,1,2,A,N,D,G,A,A,H,A,D,Y,,L,4,0,0,1,0,1,ESCONDIDO
6785303,2015,2015-02-19,3711,2015-01-08,2004,,4,7,EL CAJON BL,47TH ST,Y,A,N,3,0,1,2,A,N,D,G,A,A,H,C,A,Y,,-,,0,1,0,0,1,SAN DIEGO
8875853,2019,2019-09-23,3706,2019-06-12,713,ESCON,3,6,QUINCE ST,MISSION AV,N,B,N,4,0,1,2,A,N,H,G,A,A,H,A,D,Y,,L,4,0,0,1,0,1,ESCONDIDO
6162849,2013,2014-03-19,3711,2013-07-23,2115,SD,2,7,LOGAN AV,47TH ST,N,A,N,4,0,1,2,A,M,B,G,A,A,H,C,D,Y,Y,-,- ,0,0,1,0,1,SAN DIEGO
8992841,2019,2019-12-03,3711,2019-09-19,703,,4,7,EL CAJON BL,47TH ST,N,A,N,3,0,1,2,A,N,E,G,A,A,H,A,A,Y,,A,1,0,1,0,0,1,SAN DIEGO
6266427,2013,2014-04-30,3702,2013-10-31,940,,4,6,BROADWAY,DAVIDSON ST,N,A,N,3,0,1,2,A,N,D,G,A,A,H,A,D,Y,,L,4,0,1,0,0,1,CHULA VISTA
8664176,2018,2018-07-20,3706,2018-06-10,1600,ESCON,7,6,WASHINGTON AV,QUINCE ST,N,A,N,3,0,1,1,B,N,H,G,A,A,G,A,D,Y,,L,4,0,1,0,0,1,ESCONDIDO
6782392,2015,2015-02-19,3711,2015-01-03,2013,,6,7,47TH ST,MEADE AV,N,A,N,4,0,1,2,A,N,H,G,A,A,H,C,D,Y,,L,4,0,0,1,0,1,SAN DIEGO
9151612,2020,2020-10-05,3706,2020-07-31,1210,ESCON,5,6,QUINCE ST,MISSION AV,N,A,N,3,0,1,2,A,F,C,G,A,A,H,A,D,Y,Y,A,1,0,1,0,0,1,ESCONDIDO
5691227,2012,2013-09-23,3709,2012-06-29,1901,,5,5,HIGHLAND AV,24TH ST,N,A,N,4,0,1,2,A,N,H,G,A,A,H,A,D,Y,,L,4,0,0,1,0,1,NATIONAL CITY
4910834,2010,2011-09-21,3711,2010-09-22,1725,,3,7,HALO ST,SATURN,N,A,N,4,0,1,2,A,N,H,G,A,A,H,B,D,Y,,L,4,0,0,1,0,1,SAN DIEGO
5198866,2011,2012-06-22,3711,2011-05-05,1801,,4,7,NOGAL ST,ESCUELA ST,Y,A,N,3,0,1,2,A,N,D,G,A,A,H,A,A,Y,,L,4,0,1,0,0,1,SAN DIEGO
5204477,2011,2012-08-22,3711,2011-06-01,1112,SD,3,7,SATURN BL,PALM AV,N,A,N,4,0,1,2,A,N,D,G,A,A,H,A,D,Y,,L,4,0,0,1,0,1,SAN DIEGO
6045254,2013,2014-02-10,3711,2013-03-31,945,,7,7,SATURN BL,PALM AV,Y,A,N,3,0,1,1,A,N,H,A,A,A,H,A,A,Y,,L,4,0,1,0,0,1,SAN DIEGO
6060366,2013,2014-02-13,3711,2013-04-16,1300,,2,7,SATURN,PALM AV,Y,A,N,4,0,1,2,A,N,G,G,A,A,H,A,A,Y,,-,- ,0,0,1,0,1,SAN DIEGO
8521478,2017,2018-01-08,3711,2017-12-11,1850,,1,7,SATURN BL,AVENIDA DEL MEXICO,N,A,N,3,0,1,2,A,N,G,G,A,A,H,C,D,Y,Y,L,4,0,1,0,0,1,SAN DIEGO
9087432,2020,2020-07-31,3711,2020-04-03,743,,5,7,SATURN BL,DONAX AV,Y,A,N,3,0,1,2,A,N,H,G,A,A,H,A,D,Y,,A,1,0,1,0,0,1,SAN DIEGO
6816523,2014,2015-02-17,3702,2014-12-23,808,,2,6,H ST,OAKLAWN AV,Y,A,N,3,0,1,2,A,N,D,G,A,A,H,A,A,Y,,A,1,0,1,0,0,1,CHULA VISTA
7135372,2015,2016-08-10,3711,2015-12-01,1750,,2,7,DORIS ST,SATURN BL,N,A,N,3,0,1,2,A,N,D,G,A,A,H,C,D,Y,,L,4,0,1,0,0,1,SAN DIEGO
6467655,2014,2014-07-22,3711,2014-04-11,1358,,5,7,PALM AV,SATURN BL,N,A,N,3,0,1,3,A,N,D,G,A,A,H,A,D,Y,,A,1,0,1,0,0,1,SAN DIEGO
8157025,2016,2016-11-02,3711,2016-10-22,1220,,6,7,PALM AV,SATURN BL,Y,A,N,3,0,1,2,A,M,D,G,A,A,H,A,A,Y,Y,L,4,0,1,0,0,1,SAN DIEGO
8688576,2018,2018-10-02,3711,2018-06-14,2026,,4,7,SATURN BL,PALM AV,N,A,N,4,0,1,2,A,N,G,G,A,A,H,C,A,Y,,L,4,0,0,1,0,1,SAN DIEGO
8853996,2019,2019-05-08,3711,2019-04-30,937,,2,7,PALM AV,SATURN BL,Y,A,N,4,0,1,2,A,N,B,-,A,B,H,A,A,Y,,A,1,0,0,1,0,1,SAN DIEGO
5280359,2011,2012-12-10,3711,2011-08-15,1811,,1,7,SATURN BL,SOUTHLAND PLAZA DRIVEWAY,N,A,N,4,0,1,3,A,N,D,G,A,A,H,A,D,Y,,A,1,0,0,1,0,1,SAN DIEGO
6482433,2014,2014-07-14,3711,2014-04-03,1543,SOUTH,4,7,SATURN BL,PALM AV,N,A,N,3,0,1,2,A,N,-,G,A,A,H,A,A,Y,,L,4,0,1,0,0,1,SAN DIEGO
6994646,2015,2015-08-07,3711,2015-07-20,914,,1,7,SATURN BL,PALM AV,N,A,N,4,0,1,2,A,N,-,G,A,A,H,A,D,Y,,L,4,0,0,1,0,1,SAN DIEGO
9066213,2020,2020-07-17,3711,2020-03-19,1935,,4,7,SATURN BL,PALM AV,N,B,N,3,0,1,2,A,N,G,B,A,A,H,C,A,Y,,L,4,0,1,0,0,1,SAN DIEGO
5364702,2011,2012-12-14,3702,2011-09-21,1812,,3,6,H ST,OAKLAWN AV,N,A,N,3,0,1,2,A,F,B,G,A,A,H,A,A,Y,,-,99,0,1,0,0,1,CHULA VISTA
5266114,2011,2012-11-14,3711,2011-07-26,2345,SD,2,7,MONTEZUMA BL,COLLWOOD BL,N,A,N,4,0,1,1,A,N,H,-,A,A,H,C,A,Y,,L,4,0,0,1,0,1,SAN DIEGO
4949620,2010,2011-12-16,3711,2010-10-20,2009,,3,7,PENASQUITOS DR,CUCA ST,Y,B,N,3,0,1,2,A,N,D,G,A,B,H,C,A,Y,,L,4,0,1,0,0,1,SAN DIEGO
4846252,2010,2011-09-20,3709,2010-08-10,716,,2,5,HIGHLAND AV,E 28TH ST,N,A,N,3,0,1,4,A,N,B,G,A,A,H,A,D,Y,,A,1,0,1,0,0,1,NATIONAL CITY
6995444,2015,2015-08-05,3702,2015-06-28,1130,,7,6,BAY BL,STELLA ST,Y,A,N,3,0,1,2,A,N,D,G,A,A,H,A,D,Y,,L,4,0,1,0,0,1,CHULA VISTA
8114580,2016,2016-09-09,3702,2016-07-23,840,,6,6,BAY BL,STELLA ST,N,A,N,3,0,1,2,A,N,D,G,A,A,H,A,D,Y,,L,4,0,1,0,0,1,CHULA VISTA
4541186,2009,2010-10-05,3711,2009-12-26,1500,,6,7,CAMINO DEL NORTE,BERNARDO CENTER DR,Y,B,N,4,0,1,4,A,N,-,G,A,A,H,A,A,Y,,-,- ,0,0,1,0,0,SAN DIEGO
6882371,2015,2015-04-22,3711,2015-04-01,1044,,3,7,UNIVERSITY AV,EUCLID AV,N,A,N,3,0,2,2,A,N,D,G,A,A,H,A,A,Y,,L,4,0,1,1,0,2,SAN DIEGO
4922004,2010,2011-11-18,3706,2010-10-13,1700,,3,6,N ESCONDIDO BL,W EL NORTE PKWY,N,A,N,3,0,1,2,A,N,D,G,A,A,H,A,A,Y,,L,4,0,1,0,0,1,ESCONDIDO
5460899,2012,2013-06-05,3706,2012-01-15,1616,ESPD,7,6,ESCONDIDO BL,EL NORTE PKWY,Y,B,N,4,0,1,2,A,N,H,G,A,A,H,C,D,Y,,L,4,0,0,1,0,1,ESCONDIDO
5790429,2012,2013-11-20,3706,2012-08-02,1326,ESPD,4,6,EL NORTE PKWY,ESCONDIDO BL,Y,A,N,3,0,1,2,A,N,D,G,A,A,H,A,A,Y,,L,4,0,1,0,0,1,ESCONDIDO
6193214,2013,2014-04-24,3706,2013-08-24,1603,,6,6,ESCONDIDO BL,EL NORTE PKWY,Y,A,N,3,0,1,2,A,N,B,G,A,A,H,A,A,Y,,A,1,0,1,0,0,1,ESCONDIDO
8668200,2018,2018-08-07,3706,2018-07-17,1311,,2,6,EL NORTE PKWY,ESCONDIDO BL,Y,A,N,3,0,1,2,A,N,H,G,A,A,H,A,D,Y,,L,4,0,1,0,0,1,ESCONDIDO
8027399,2016,2016-05-02,3706,2016-04-23,1115,ESCON,6,6,EL NORTE PKWY,ESCONDIDO BL,Y,A,N,4,0,1,2,A,N,D,G,A,A,H,A,A,Y,,A,1,0,0,1,0,1,ESCONDIDO