CASE_ID,ACCIDENT_YEAR,PROC_DATE,JURIS,COLLISION_DATE,COLLISION_TIME,REPORTING_DISTRICT,DAY_OF_WEEK,POPULATION,PRIMARY_RD,SECONDARY_RD,INTERSECTION,WEATHER_1,STATE_HWY_IND,COLLISION_SEVERITY,NUMBER_KILLED,NUMBER_INJURED,PARTY_COUNT,PRIMARY_COLL_FACTOR,HIT_AND_RUN,TYPE_OF_COLLISION,MVIW,PED_ACTION,ROAD_SURFACE,ROAD_COND_1,LIGHTING,CONTROL_DEVICE,BICYCLE_ACCIDENT,ALCOHOL_INVOLVED,STWD_VEHTYPE_AT_FAULT,CHP_VEHTYPE_AT_FAULT,COUNT_SEVERE_INJ,COUNT_VISIBLE_INJ,COUNT_COMPLAINT_PAIN,COUNT_BICYCLIST_KILLED,COUNT_BICYCLIST_INJURED,CITY
6375989,2014,2014-06-04,3702,2014-01-03,1315,,5,6,3RD AV,I ST,N,A,N,3,0,1,2,A,N,D,G,A,A,H,A,D,Y,,L,4,0,1,0,0,1,CHULA VISTA
5485917,2012,2013-06-19,3706,2012-01-14,1956,,6,6,FELICITA AV,CENTRE CITY PKWY,Y,A,N,4,0,1,2,A,N,D,B,A,A,H,C,A,Y,,L,4,0,0,1,0,1,ESCONDIDO
9041405,2019,2020-02-10,3702,2019-11-14,1830,,4,6,BROADWAY,MAIN ST,N,A,N,2,0,1,2,A,N,H,A,A,A,H,C,A,Y,,A,7,1,0,0,0,1,CHULA VISTA
5844582,2012,2013-12-13,3711,2012-09-27,1750,,4,7,BERNARDO TER,BERNARDO CENTER DR,N,A,N,3,0,1,2,A,N,D,G,A,A,H,B,D,Y,,L,4,0,1,0,0,1,SAN DIEGO
5099298,2011,2012-03-19,3706,2011-01-30,1321,1301,7,6,EL NORTE PKWY,NOREEN WY,N,B,N,3,0,1,2,A,N,E,G,A,A,H,A,D,Y,,D,22,0,1,0,0,1,ESCONDIDO
5618379,2012,2013-09-16,3711,2012-05-08,1851,,2,7,CARMEL MOUNTAIN RD,CONFERENCE WY,Y,A,N,3,0,1,3,A,N,D,G,A,A,H,A,A,Y,,L,4,0,1,0,0,1,SAN DIEGO
5457217,2012,2013-06-13,3711,2012-01-21,1724,,6,7,BERNARDO CENTER,ESCALA DR,N,-,N,3,0,1,2,A,N,H,G,A,A,H,C,A,Y,,L,4,0,1,0,0,1,SAN DIEGO
8447585,2017,2017-10-02,3711,2017-08-22,1325,,2,7,MONTEZUMA RD,55TH ST,N,A,N,4,0,1,2,A,N,C,G,A,A,H,A,D,Y,,L,4,0,0,1,0,1,SAN DIEGO
8605031,2018,2018-05-15,3711,2018-04-16,1117,,1,7,REDWOOD ST,E VIRGO RD,N,A,N,3,0,1,1,C,N,F,-,A,A,H,A,A,Y,,-,- ,0,1,0,0,1,SAN DIEGO
81336707,2020,2020-11-02,3706,2020-10-28,1430,Escon,3,6,VALLEY PY,GRAPE ST,N,A,N,3,0,1,2,A,N,D,G,A,A,H,A,D,Y,Y,L,4,0,1,0,0,1,ESCONDIDO
5796661,2012,2013-11-23,3702,2012-08-08,1539,,3,6,2ND AV,CYPRESS ST,N,A,N,4,0,1,2,A,N,B,G,A,A,H,A,A,Y,,L,4,0,0,1,0,1,CHULA VISTA
7171371,2016,2016-02-02,3702,2016-01-17,1547,,7,6,4TH AV,WESTBY ST,N,A,N,3,0,1,1,A,N,A,I,A,A,H,A,D,Y,Y,L,4,0,1,0,0,1,CHULA VISTA
4927417,2010,2011-11-15,3711,2010-10-18,1101,,1,7,LOMICA,BERNARDO CENTER DR,N,B,N,3,0,1,2,A,N,D,G,A,A,H,A,D,Y,,-,- ,0,1,0,0,1,SAN DIEGO
4945434,2010,2011-10-24,3702,2010-09-13,1141,,1,6,BROADWAY,MAIN ST,N,A,N,4,0,1,2,A,N,D,G,A,A,H,A,A,Y,,A,7,0,0,1,0,1,CHULA VISTA
4257565,2009,2010-01-11,3711,2009-05-29,1514,,5,7,IRIS AV,27TH ST,N,B,N,4,0,1,2,A,N,D,G,A,A,H,A,D,Y,,L,4,0,0,1,0,1,SAN DIEGO
5220956,2011,2012-11-30,3706,2011-07-20,1400,,3,6,FELICITA AV,CENTRE CITY PKWY,N,A,N,3,0,1,2,A,N,H,G,A,A,H,A,D,Y,Y,D,22,0,1,0,0,1,ESCONDIDO
9122777,2020,2020-09-30,3709,2020-07-02,1845,,4,5,HARBISON AV,EAST 8TH ST,Y,A,N,3,0,1,2,A,N,D,B,A,A,H,A,A,Y,,A,1,0,1,0,0,1,NATIONAL CITY
5727795,2012,2013-10-01,3711,2012-06-16,1515,,6,7,CAMINO DEL NORTE,CARMEL MTN RD,N,A,N,3,0,1,2,A,M,C,G,A,A,H,A,D,Y,,-,- ,0,1,0,0,1,SAN DIEGO
6049522,2013,2014-02-19,3706,2013-04-13,1805,ESPD,6,6,4TH AV,IVY ST,N,A,N,3,0,1,2,A,N,B,G,A,A,H,A,D,Y,,L,4,0,1,0,0,1,ESCONDIDO
8424926,2017,2017-08-16,3711,2017-08-02,1739,,3,7,56TH ST,56TH ST 4300,-,A,N,3,0,1,1,C,N,H,I,A,A,B,A,D,Y,,-,- ,0,1,0,0,1,SAN DIEGO
6337491,2014,2014-07-08,3711,2014-01-02,1450,,4,7,56TH ST,EL CAJON BL,N,A,N,3,0,1,2,A,N,-,G,A,A,H,A,D,Y,,-,- ,0,1,0,0,1,SAN DIEGO
8943997,2019,2019-10-01,3711,2019-09-11,845,,3,7,EL CAJON BL,56TH ST,Y,B,N,3,0,1,2,A,F,B,G,A,A,H,A,A,Y,,L,4,0,1,0,0,1,SAN DIEGO
8346225,2017,2017-04-19,3711,2017-04-08,1705,,6,7,EL CAJON BL,56TH ST,Y,B,N,3,0,1,1,A,N,B,I,A,A,H,A,D,Y,,L,4,0,1,0,0,1,SAN DIEGO
4806763,2010,2011-10-07,3706,2010-06-07,800,EPD,1,6,13TH AV,MAPLE ST,N,A,N,4,0,1,2,A,N,D,G,A,A,H,A,D,Y,,A,1,0,0,1,0,1,ESCONDIDO
5084969,2011,2012-06-18,3711,2011-02-10,1140,,4,7,IMPERIAL AV,IMPERIAL AV 5600,N,A,N,4,0,1,2,A,N,B,G,A,A,H,A,D,Y,,-,- ,0,0,1,0,1,SAN DIEGO
8417285,2017,2017-07-31,3702,2017-05-12,1355,,5,6,3RD AV,J ST,N,A,N,4,0,1,2,A,F,D,G,A,A,H,A,D,Y,,-,,0,0,1,0,1,CHULA VISTA
7004727,2015,2015-08-18,3706,2015-07-28,1425,,2,6,LINCOLN AV,BEECH ST,N,A,N,3,0,2,2,A,N,A,G,A,A,H,A,D,Y,,L,4,0,2,0,0,1,ESCONDIDO
8774351,2018,2019-01-18,3706,2018-12-14,1534,ESCON,5,6,GRAND AV,GRAPE ST,N,A,N,3,0,1,2,A,N,H,G,A,A,H,B,D,Y,,L,4,0,1,0,0,1,ESCONDIDO
6948930,2015,2015-06-18,3709,2015-05-12,1558,,2,5,EAST 8TH ST,HARBISON AV,N,A,N,2,0,1,1,A,N,H,I,A,A,H,A,D,Y,Y,L,4,1,0,0,0,1,NATIONAL CITY
6083546,2013,2014-02-19,3702,2013-04-04,1842,,4,6,MOSS ST,4TH AV,N,A,N,3,0,1,2,A,N,B,G,A,A,H,B,A,Y,,L,4,0,1,0,0,1,CHULA VISTA
5406341,2011,2012-12-27,3702,2011-10-21,1605,,5,6,MOSS ST,4TH AV,Y,A,N,4,0,1,2,A,N,D,G,A,A,H,A,A,Y,Y,A,1,0,0,1,0,1,CHULA VISTA
6103297,2013,2014-02-28,3702,2013-05-28,1020,,2,6,3RD AV,J ST,N,B,N,4,0,1,3,A,N,C,C,A,A,H,A,D,Y,Y,A,1,0,0,1,0,1,CHULA VISTA
4709830,2010,2011-02-17,3702,2010-03-16,2038,,2,6,2ND AV,G ST,Y,A,N,3,0,1,2,A,N,D,G,A,A,H,C,A,Y,,L,4,0,1,0,0,1,CHULA VISTA
8151634,2016,2016-10-27,3702,2016-09-17,1910,,6,6,J ST,3RD AV,N,A,N,3,0,1,2,A,N,G,B,A,A,H,B,A,Y,,L,4,0,1,0,0,1,CHULA VISTA
5542265,2012,2012-06-22,3702,2012-01-19,839,,4,6,4TH AV,MOSS ST,N,A,N,1,1,0,2,A,N,D,G,A,A,H,A,D,Y,,L,4,0,0,0,1,0,CHULA VISTA
8287390,2016,2017-02-01,3706,2016-12-22,1743,ESCON,4,6,15TH AV,ESCONDIDO BL,N,C,N,2,0,1,2,A,N,H,G,A,B,H,C,D,Y,Y,L,4,1,0,0,0,1,ESCONDIDO
7204876,2016,2016-03-11,3702,2016-01-25,2020,,1,6,4TH AV,MOSS ST,N,A,N,3,0,1,2,A,N,C,G,A,A,H,C,D,Y,,L,4,0,1,0,0,1,CHULA VISTA
5475854,2011,2013-01-29,9645,2011-12-24,2234,,6,9,RIDGEWAY DR,GWYNNE AV,N,A,N,2,0,1,2,A,N,C,G,A,A,H,C,D,Y,Y,L,4,1,0,0,0,1,UNINCORPORATED
6173204,2013,2014-03-24,3711,2013-08-08,209,SANDI,4,7,UNIVERSITY AV,CHOLLAS PKWY,N,A,N,4,0,1,2,A,N,C,G,A,A,H,C,D,Y,Y,-,- ,0,0,1,0,1,SAN DIEGO
4175581,2009,2009-11-18,3706,2009-03-07,1430,ESCON,6,6,FIG ST,VALLEY PKWY,N,A,N,4,0,1,2,A,N,D,G,A,A,H,A,D,Y,,L,4,0,0,1,0,1,ESCONDIDO
8732355,2018,2018-11-16,3711,2018-10-31,800,,3,7,IRIS AV,27TH ST,N,A,N,4,0,1,2,A,N,H,G,A,A,H,-,A,Y,,A,1,0,0,1,0,1,SAN DIEGO
6412801,2013,2014-05-29,3702,2013-12-12,1053,,4,6,3RD AV,J ST,N,A,N,4,0,1,2,A,N,D,G,A,A,H,A,D,Y,,L,4,0,0,1,0,1,CHULA VISTA
6933013,2015,2015-06-05,3702,2015-04-09,1548,,4,6,BROADWAY,FAIVRE ST,Y,A,N,3,0,1,2,A,N,B,G,A,A,D,A,D,Y,,D,22,0,1,0,0,1,CHULA VISTA
5266397,2011,2012-09-24,3702,2011-06-01,2157,,3,6,MOSS ST,4TH AV,N,A,N,4,0,1,2,A,N,D,G,A,A,H,C,D,Y,,A,1,0,0,1,0,1,CHULA VISTA
6272228,2013,2014-04-28,3706,2013-10-14,1030,ESPD,1,6,PENNSYLVANIA AV,FIG ST,N,A,N,3,0,1,2,A,F,D,G,A,A,H,A,D,Y,,A,1,0,1,0,0,1,ESCONDIDO
8634585,2018,2018-06-12,3706,2018-05-15,1550,ESCON,2,6,WASHINGTON AV,ELM ST EAST,N,A,N,3,0,1,2,A,N,H,G,A,A,H,A,A,Y,,L,4,0,1,0,0,1,ESCONDIDO
8679954,2018,2018-09-10,3709,2018-07-28,1800,,6,5,HARBISON AV,EAST PLAZA BL,Y,A,N,3,0,1,2,A,N,G,G,A,A,H,A,A,Y,,A,1,0,1,0,0,1,NATIONAL CITY
8346862,2017,2017-04-14,3706,2017-03-23,1935,ESPD,4,6,PENNSYLVANIA AV,FIG ST,N,A,N,3,0,1,1,B,N,E,I,A,A,H,C,D,Y,,L,4,0,1,0,0,1,ESCONDIDO
8960330,2019,2019-11-18,3702,2019-09-12,1325,,4,6,3RD AV,KEARNEY,N,A,N,3,0,1,2,A,N,H,G,A,A,G,A,D,Y,,L,4,0,1,0,0,1,CHULA VISTA
6115543,2013,2014-02-28,3706,2013-06-12,1625,,3,6,VALLEY PKWY,FIG ST,Y,A,N,4,0,1,2,A,N,D,G,A,A,H,A,A,Y,,L,4,0,0,1,0,1,ESCONDIDO
8940843,2019,2019-10-03,3706,2019-09-11,1606,ESCON,3,6,VALLEY PKWY,FIG ST,Y,A,N,3,0,2,4,A,N,D,C,A,A,H,A,A,Y,Y,D,22,0,2,0,0,1,ESCONDIDO
8136466,2016,2016-10-12,3706,2016-09-25,1049,ESCON,7,6,VALLEY PKWY,FIG ST,Y,A,N,3,0,1,2,A,N,-,G,A,A,H,A,A,Y,,L,4,0,1,0,0,1,ESCONDIDO
8485277,2017,2017-12-01,3706,2017-10-25,1019,ESCON,3,6,VALLEY PKWY,FIG ST,Y,A,N,3,0,1,2,A,N,H,G,A,A,H,A,A,Y,,L,4,0,1,0,0,1,ESCONDIDO
8193760,2016,2017-01-14,3711,2016-12-14,2230,,3,7,CORONADO AV,DEARBORN DR,N,A,N,4,0,1,2,A,N,B,G,A,A,-,C,D,Y,Y,L,4,0,0,1,0,1,SAN DIEGO
4816356,2010,2011-06-30,3706,2010-07-12,0,,1,6,PENNSYLVANIA AV,FIG ST,Y,F,N,4,0,1,2,A,N,D,G,A,A,H,A,D,Y,,L,4,0,0,1,0,1,ESCONDIDO
4985347,2010,2011-12-10,3706,2010-12-01,1205,ESCON,3,6,FIG ST,PENNSYLVANIA AV,Y,A,N,3,0,1,1,B,N,H,J,A,A,H,A,D,Y,,L,4,0,1,0,0,1,ESCONDIDO
5006524,2010,2011-12-01,3706,2010-12-10,1404,SDSC,5,6,EAST VALLEY PKWY,FIG ST,N,A,N,4,0,1,1,B,N,H,A,A,A,H,A,D,Y,,-,- ,0,0,1,0,1,ESCONDIDO
6788912,2015,2015-03-05,3706,2015-02-02,1543,,1,6,PENNSYLVANIA AV,FIG ST,Y,A,N,3,0,1,2,A,N,D,G,A,A,H,A,A,Y,,L,4,0,1,0,0,1,ESCONDIDO
4699698,2010,2011-04-11,3706,2010-04-15,738,ESCON,4,6,JUNIPER ST,9TH AV,Y,A,N,4,0,1,2,A,N,D,G,A,A,H,A,D,Y,,A,1,0,0,1,0,1,ESCONDIDO
8129188,2016,2016-09-26,3706,2016-09-02,2110,ESCON,5,6,JUNIPER ST,9TH AV,Y,A,N,3,0,1,2,A,N,D,G,A,A,H,C,A,Y,,L,4,0,1,0,0,1,ESCONDIDO
5408308,2011,2012-12-19,3702,2011-09-28,1321,,3,6,3RD AV,K ST,N,A,N,4,0,1,2,A,N,H,G,A,A,H,A,D,Y,,L,4,0,0,1,0,1,CHULA VISTA
4819516,2010,2011-06-28,3711,2010-07-26,1021,,1,7,PASEO LUCIDO,AVENIDA VENUSTO,N,A,N,3,0,1,2,A,N,D,G,A,A,H,A,A,Y,,-,- ,0,1,0,0,1,SAN DIEGO
4323295,2009,2010-04-14,3711,2009-07-18,955,,6,7,AVENIDA VENUSTO,PASEO LUCIDO,Y,A,N,3,0,1,1,A,N,H,A,A,A,H,A,A,Y,,-,- ,0,1,0,0,1,SAN DIEGO
4709777,2010,2011-02-17,3702,2010-03-15,1311,,1,6,4TH AV,NICKMAN ST,N,A,N,4,0,1,2,A,N,B,G,A,A,H,A,D,Y,,A,1,0,0,1,0,1,CHULA VISTA
6169768,2013,2014-03-29,3711,2013-08-04,1240,,7,7,BINDAY WY,AGNO CT,N,A,N,3,0,1,2,A,N,B,G,A,A,H,A,D,Y,,L,4,0,1,0,0,1,SAN DIEGO
8724135,2018,2018-11-29,3709,2018-10-30,850,,2,5,SWEETWATER RD,ORANGE ST,N,A,N,3,0,1,2,A,N,D,G,A,A,H,A,D,Y,,L,4,0,1,0,0,1,NATIONAL CITY
5496491,2012,2013-07-13,3711,2012-02-04,1620,,6,7,OLD MEMORY LN,LUBER ST,N,A,N,3,0,1,1,A,N,H,G,A,A,H,A,D,Y,,L,4,0,1,0,0,1,SAN DIEGO
5287828,2011,2012-11-29,3706,2011-07-13,1635,ESPD,3,6,GRAND AV,FIG ST,N,A,N,3,0,1,2,A,N,D,G,A,A,H,A,D,Y,,L,4,0,1,0,0,1,ESCONDIDO
8119742,2016,2016-09-13,3702,2016-08-18,1219,,4,6,4TH AV,NAPLES ST,N,A,N,2,0,1,2,A,N,D,G,A,A,H,A,A,Y,,L,4,1,0,0,0,1,CHULA VISTA
6105297,2013,2014-03-01,3711,2013-06-10,935,,1,7,IMPERIAL AV,STEVENS WY,Y,A,N,3,0,1,2,A,N,D,G,A,A,H,A,A,Y,,L,4,0,1,0,0,1,SAN DIEGO
6024148,2013,2014-02-06,3706,2013-03-24,1354,ESPD,7,6,ESCONDIDO BL,FELICITA AV,N,A,N,3,0,1,2,A,N,D,G,A,A,H,A,D,Y,,L,4,0,1,0,0,1,ESCONDIDO
5790413,2012,2013-11-20,3706,2012-08-12,2300,ESPD,7,6,FELICITA AV,ESCONDIDO BL,Y,A,N,3,0,1,2,A,N,D,G,A,A,H,C,A,Y,,L,4,0,1,0,0,1,ESCONDIDO
7164857,2016,2016-01-22,3706,2016-01-13,1518,ESCON,3,6,ESCONDIDO BL,FELICITA AV,Y,A,N,3,0,1,2,A,N,H,G,A,A,H,A,A,Y,,D,22,0,1,0,0,1,ESCONDIDO
7172496,2016,2016-02-02,3711,2016-01-17,923,,7,7,SCRIPPS POWAY PKWY,ANGELIQUE ST,N,A,N,3,0,1,2,A,N,D,G,A,A,H,A,A,Y,,A,1,0,1,0,0,1,SAN DIEGO
8190989,2016,2016-12-20,3711,2016-12-08,1813,,4,7,ANDROS CT,ANDROS CT 5800,-,A,N,4,0,1,2,A,N,B,G,A,A,H,C,D,Y,,L,4,0,0,1,0,1,SAN DIEGO
7053051,2015,2015-09-18,3711,2015-08-28,830,,5,7,SCRIPPS POWAY PY,ANGELIQUE CT,N,A,N,3,0,1,2,A,N,D,G,A,A,H,A,A,Y,,-,,0,1,0,0,1,SAN DIEGO
8935713,2019,2019-09-24,3702,2019-08-04,1600,,7,6,3RD AV,K ST,N,A,N,3,0,1,2,A,N,D,G,A,A,H,A,D,Y,,A,7,0,1,0,0,1,CHULA VISTA
4713664,2010,2011-04-19,3711,2010-05-21,600,,5,7,TROJAN AV,TROJAN AV 5800,Y,A,N,2,0,1,1,A,N,H,A,A,A,H,B,D,Y,,L,4,1,0,0,0,1,SAN DIEGO
6308781,2013,2014-05-16,3706,2013-12-16,952,ESPD,1,6,GRAND AV,FIG ST,Y,A,N,3,0,1,1,C,N,H,I,A,A,H,A,A,Y,,-,- ,0,1,0,0,1,ESCONDIDO
8884431,2019,2019-08-19,3706,2019-06-06,741,ESCON,4,6,GRAND AV,FIG ST,Y,B,N,4,0,1,2,A,N,H,G,A,A,H,A,A,Y,,-,- ,0,0,1,0,1,ESCONDIDO
9112905,2020,2020-09-01,3706,2020-06-10,2235,ESCON,3,6,FIG ST,GRAND AV,Y,A,N,4,0,1,2,A,F,B,G,A,A,H,C,A,Y,,A,1,0,0,1,0,1,ESCONDIDO
6721271,2014,2015-01-09,3706,2014-11-17,1445,,1,6,FIG ST,E GRAND AV,Y,A,N,3,0,1,2,A,N,D,G,A,A,H,A,D,Y,,A,1,0,1,0,0,1,ESCONDIDO
8491060,2017,2017-12-12,3711,2017-11-07,1520,,2,7,UNIVERSITY AV,58TH ST,N,A,N,3,0,1,2,A,N,D,G,A,A,H,A,A,Y,Y,A,1,0,1,0,0,1,SAN DIEGO
4707508,2010,2011-04-21,3711,2010-05-09,1245,,7,7,UNIVERSITY AV,58TH ST,N,B,N,4,0,1,2,A,N,D,G,A,A,H,A,A,Y,,L,4,0,0,1,0,1,SAN DIEGO
5670212,2012,2013-09-30,3709,2012-06-17,1706,,7,5,EAST 8TH ST,OLIVE AV,N,A,N,4,0,1,2,A,N,H,G,A,A,H,A,D,Y,,L,4,0,0,1,0,1,NATIONAL CITY
9159397,2020,2020-12-05,3711,2020-09-27,1230,,7,7,58TH ST,MADISON AV,Y,A,N,4,0,1,1,-,N,H,-,A,A,A,A,D,Y,,-,- ,0,0,1,0,1,SAN DIEGO
5612456,2012,2013-09-19,3711,2012-05-05,2000,SAN D,6,7,UNIVERSITY AV,58TH ST,Y,A,N,3,0,1,2,A,N,B,G,A,A,H,C,A,Y,,-,- ,0,1,0,0,1,SAN DIEGO
5124085,2011,2012-04-27,3706,2011-03-19,1102,ESPD,6,6,MISSION AV,BEECH ST,N,B,N,3,0,1,2,A,F,C,G,A,A,H,A,D,Y,,A,1,0,1,0,0,1,ESCONDIDO
7140514,2015,2015-12-21,3706,2015-12-01,600,,2,6,MISSION AV,BEECH ST,Y,A,N,2,0,1,2,A,F,C,G,A,A,H,B,-,Y,,-,,1,0,0,0,1,ESCONDIDO
6032138,2013,2014-02-10,3702,2013-03-12,1517,,2,6,BONITA RD,BONITA GLEN,N,A,N,4,0,1,2,A,N,D,G,A,A,H,A,A,Y,,A,1,0,0,1,0,1,CHULA VISTA
8572262,2018,2018-03-15,3706,2018-02-26,1330,ESCON,1,6,VALLEY PKWY,ELM ST,Y,A,N,3,0,1,2,A,N,G,G,A,A,H,A,A,Y,,L,4,0,1,0,0,1,ESCONDIDO
8158056,2016,2016-11-07,3706,2016-10-15,1744,ESCON,6,6,WASHINGTON AV,DATE ST,N,A,N,3,0,1,2,A,N,H,G,A,A,H,A,D,Y,,L,4,0,1,0,0,1,ESCONDIDO
7018636,2015,2015-08-26,3702,2015-06-20,1815,,6,6,DEL MAR AV,J ST,Y,A,N,2,0,1,1,A,N,H,A,A,A,H,A,D,Y,Y,L,4,1,0,0,0,1,CHULA VISTA
7192997,2016,2016-03-08,3706,2016-02-09,1119,ESCON,2,6,ASH ST,LINCOLN AV,N,A,N,3,0,1,2,A,N,H,G,A,A,H,A,D,Y,,L,4,0,1,0,0,1,ESCONDIDO
5145323,2011,2012-05-22,3711,2011-04-13,1535,,3,7,CAMINO DEL NORTE,PASEO LUCIDO,Y,B,N,3,0,1,2,A,N,D,G,A,A,H,A,A,Y,,-,- ,0,1,0,0,1,SAN DIEGO
4975581,2010,2011-12-10,3711,2010-12-13,1525,,1,7,CAMINO DEL NORTE,PASEO LUCIDO,N,A,N,4,0,1,2,A,N,D,G,A,A,H,A,A,Y,,L,4,0,0,1,0,1,SAN DIEGO
6101794,2013,2014-02-25,3706,2013-05-29,1852,ESPD,3,6,ESCONDIDO BL,CITRACADO PKWY,Y,A,N,3,0,2,3,A,N,D,G,A,A,H,A,D,Y,,L,4,0,2,0,0,2,ESCONDIDO
9034714,2020,2020-02-08,3706,2020-01-04,1127,ESCON,6,6,ESCONDIDO BL,CITRACADO PKWY,Y,A,N,3,0,1,1,C,N,H,A,A,A,H,A,D,Y,,-,- ,0,1,0,0,1,ESCONDIDO
8080898,2016,2016-08-02,3711,2016-07-13,1050,,3,7,CAMINO DEL NORTE,CARMEL MOUNTAIN RD,N,A,N,3,0,1,2,A,N,-,G,A,A,H,A,A,Y,,-,,0,1,0,0,1,SAN DIEGO
6560489,2014,2014-08-13,3711,2014-06-30,1230,,1,7,MONTEZUMA RD,CAMPANILE,N,A,N,4,0,1,2,A,N,B,G,A,A,H,A,D,Y,,L,4,0,0,1,0,1,SAN DIEGO
4667935,2010,2011-03-07,3709,2010-04-12,1450,,1,5,EAST 20TH ST,VAN NESS AV,N,B,N,3,0,1,2,A,N,D,G,A,A,H,A,D,Y,,L,4,0,1,0,0,1,NATIONAL CITY
8070817,2016,2016-07-01,3702,2016-06-04,1207,,6,6,3RD AV,L ST,N,A,N,4,0,1,2,A,N,G,G,A,A,H,A,A,Y,,L,4,0,0,1,0,1,CHULA VISTA
6430201,2014,2014-06-27,3706,2014-02-07,2200,ESPD,5,6,3RD AV,FIG ST,Y,A,N,3,0,1,2,A,N,C,G,A,A,H,C,D,Y,,L,4,0,1,0,0,1,ESCONDIDO
6952429,2015,2015-07-06,9645,2015-05-26,1735,,2,9,GRANGER AV,RIDGEWAY DR,N,B,N,2,0,1,1,A,N,F,A,A,A,H,A,D,Y,,L,4,1,0,0,0,1,UNINCORPORATED
5251351,2011,2012-12-03,3711,2011-07-12,1407,,2,7,MARKET ST,RADIO DR,N,A,N,3,0,1,2,A,N,H,G,A,A,H,A,D,Y,,L,4,0,1,0,0,1,SAN DIEGO
5457328,2012,2013-06-15,3711,2012-01-20,1330,,5,7,MONTEZUMA AV,CAMPANILE DR,N,A,N,3,0,1,2,-,N,D,G,A,A,H,A,D,Y,,-,- ,0,1,0,0,1,SAN DIEGO
6410456,2014,2014-06-10,3706,2014-01-21,959,ESCON,2,6,MAPLE ST,FELICITA AV,Y,A,N,4,0,1,2,A,N,D,G,A,A,H,A,A,Y,,L,4,0,0,1,0,1,ESCONDIDO
9075837,2020,2020-06-25,3706,2020-03-15,1050,ESCON,7,6,S ESCONDIDO BL,VERMONT AV,N,B,N,2,0,1,1,A,N,H,A,A,A,H,A,D,Y,Y,L,4,1,0,0,0,1,ESCONDIDO
4194930,2009,2009-11-07,3702,2009-03-15,1720,,7,6,3RD AV,L ST,N,A,N,3,0,1,2,A,N,D,G,A,A,H,A,A,Y,,A,7,0,1,0,0,1,CHULA VISTA
8627560,2018,2018-06-04,3702,2018-04-07,1725,,6,6,4TH AV,OXFORD ST,N,A,N,4,0,1,2,A,N,D,G,A,A,H,A,A,Y,,L,4,0,0,1,0,1,CHULA VISTA
5511022,2012,2013-06-22,3702,2012-01-05,1904,,4,6,4TH AV,OXFORD ST,Y,A,N,4,0,1,2,A,N,D,G,A,A,H,C,A,Y,,A,7,0,0,1,0,1,CHULA VISTA
5532925,2012,2013-07-20,3702,2012-02-10,1830,,5,6,4TH AV,OXFORD ST,Y,A,N,4,0,1,2,A,N,D,G,A,A,H,C,A,Y,,A,7,0,0,1,0,1,CHULA VISTA
5292443,2011,2012-11-30,3709,2011-07-24,1128,125J,7,5,EAST PLAZA BL,OLIVE ST,Y,A,N,3,0,1,2,A,N,D,G,A,A,H,A,A,Y,,L,4,0,1,0,0,1,NATIONAL CITY
9078918,2020,2020-07-14,3702,2020-03-12,1510,,4,6,3RD AV,L ST,N,C,N,3,0,1,2,A,N,C,G,A,B,H,A,A,Y,,L,4,0,1,0,0,1,CHULA VISTA
6925930,2015,2015-06-04,3711,2015-05-12,1857,52,2,7,IRIS AV,MONTEREY PINE DR,N,A,N,3,0,1,2,A,N,G,G,A,A,H,A,D,Y,,-,,0,1,0,0,1,SAN DIEGO
6215432,2013,2014-04-10,3702,2013-09-04,1731,,3,6,2ND AV,I ST,Y,A,N,3,0,1,2,D,N,D,G,A,A,H,A,A,Y,,-,- ,0,1,0,0,1,CHULA VISTA
6539476,2014,2014-08-15,3702,2014-06-06,2300,,5,6,3RD AV,L ST,N,A,N,4,0,1,2,A,N,A,G,A,A,H,C,A,Y,,A,1,0,0,1,0,1,CHULA VISTA
7009615,2015,2015-08-29,3702,2015-07-08,2329,,3,6,L ST,3RD AV,Y,A,N,4,0,1,2,A,N,D,G,A,A,H,C,A,Y,,L,4,0,0,1,0,1,CHULA VISTA
8176273,2016,2016-11-29,3702,2016-10-06,1600,,4,6,3RD AV,L ST,N,A,N,3,0,1,2,A,N,B,G,A,A,H,A,A,Y,,A,1,0,1,0,0,1,CHULA VISTA
9113546,2020,2020-07-30,3702,2020-04-27,1440,,1,6,F ST,1ST AV,Y,A,N,4,0,1,2,A,N,D,G,A,A,H,A,D,Y,,A,1,0,0,1,0,1,CHULA VISTA
4604426,2010,2010-12-16,3711,2010-02-20,2246,,6,7,CAMPANILE DR,BAJA DR,N,C,N,2,0,1,1,A,N,F,A,A,B,H,C,D,Y,Y,L,4,1,0,0,0,1,SAN DIEGO
6995794,2015,2015-08-17,3711,2015-07-09,1834,,4,7,BAJA DR,CAMPANILE DR,N,A,N,4,0,1,1,A,N,H,-,A,A,H,A,D,Y,,-,- ,0,0,1,0,1,SAN DIEGO
5074052,2011,2012-03-14,3711,2011-01-23,1850,,7,7,CAMPANILE DR,BAJA ST,N,A,N,3,0,1,2,A,N,D,G,A,A,H,C,D,Y,,-,- ,0,1,0,0,1,SAN DIEGO
5575471,2012,2013-08-21,3711,2012-04-06,710,,5,7,POMERADO RD,SEMILLON BL,N,A,N,3,0,1,1,C,N,E,A,A,A,B,B,D,Y,,-,- ,0,1,0,0,1,SAN DIEGO