CASE_ID,ACCIDENT_YEAR,PROC_DATE,JURIS,COLLISION_DATE,COLLISION_TIME,REPORTING_DISTRICT,DAY_OF_WEEK,POPULATION,PRIMARY_RD,SECONDARY_RD,INTERSECTION,WEATHER_1,STATE_HWY_IND,COLLISION_SEVERITY,NUMBER_KILLED,NUMBER_INJURED,PARTY_COUNT,PRIMARY_COLL_FACTOR,HIT_AND_RUN,TYPE_OF_COLLISION,MVIW,PED_ACTION,ROAD_SURFACE,ROAD_COND_1,LIGHTING,CONTROL_DEVICE,BICYCLE_ACCIDENT,ALCOHOL_INVOLVED,STWD_VEHTYPE_AT_FAULT,CHP_VEHTYPE_AT_FAULT,COUNT_SEVERE_INJ,COUNT_VISIBLE_INJ,COUNT_COMPLAINT_PAIN,COUNT_BICYCLIST_KILLED,COUNT_BICYCLIST_INJURED,CITY
9004049,2019,2019-12-27,3706,2019-11-08,1721,,5,6,ASH ST,VALLEY PL,N,A,N,3,0,1,2,A,N,H,G,A,A,H,C,D,Y,,L,4,0,1,0,0,1,ESCONDIDO
5048653,2010,2011-12-09,3702,2010-12-02,10,,4,6,3RD AV,PALOMAR ST,N,A,N,3,0,1,2,A,F,D,G,A,A,H,C,D,Y,Y,L,4,0,1,0,0,1,CHULA VISTA
6533670,2014,2014-08-12,3706,2014-06-20,1755,ESPD,5,6,ASH ST,VALLEY PKWY,N,A,N,3,0,1,2,A,N,A,G,A,A,H,A,D,Y,Y,L,4,0,1,0,0,1,ESCONDIDO
4345945,2009,2010-03-11,3711,2009-07-26,856,,7,7,COLLEGE AV,AROSA ST,Y,A,N,2,0,1,1,A,N,F,A,A,A,H,A,A,Y,,L,4,1,0,0,0,1,SAN DIEGO
5403310,2012,2012-03-02,3711,2012-02-15,1503,ENCAN,3,7,61ST ST,IMPERIAL AV,Y,B,N,1,1,0,3,A,N,H,G,A,A,H,A,A,Y,,L,4,0,0,0,1,0,SAN DIEGO
5735404,2012,2013-10-26,3711,2012-07-10,1417,,2,7,60TH ST,UNIVERSITY AV,N,A,N,4,0,1,2,A,N,D,G,A,A,H,A,D,Y,,L,4,0,0,1,0,1,SAN DIEGO
7199531,2016,2016-05-06,3711,2016-02-15,1432,,1,7,IMPERIAL AV,61ST ST,Y,A,N,1,1,0,1,A,N,E,I,A,A,H,A,A,Y,,L,4,0,0,0,1,0,SAN DIEGO
5391677,2011,2013-01-25,3711,2011-11-19,944,,6,7,IMPERIAL AV,400 61ST ST,Y,A,N,4,0,1,2,A,N,B,G,A,A,H,A,A,Y,,L,4,0,0,1,0,1,SAN DIEGO
6611774,2014,2014-09-18,3702,2014-08-08,1704,,5,6,FRESNO AV,TREMONT ST,N,A,N,4,0,1,2,A,N,D,G,A,A,H,A,D,Y,,A,1,0,0,1,0,1,CHULA VISTA
5734641,2012,2013-11-01,3711,2012-07-13,1805,,5,7,61ST ST,BROOKLYN AV,N,A,N,3,0,1,2,A,N,D,G,A,A,H,A,D,Y,,-,- ,0,1,0,0,1,SAN DIEGO
5813055,2012,2013-11-27,3711,2012-08-24,1845,,5,7,COLLEGE AV,ACORN ST,N,B,N,3,0,1,2,A,N,B,G,A,A,A,A,D,Y,,L,4,0,1,0,0,1,SAN DIEGO
8045671,2016,2016-05-26,3702,2016-04-14,2057,,4,6,MAIN ST,FRESNO AV,N,A,N,3,0,1,2,A,N,D,G,A,A,H,C,D,Y,,L,4,0,1,0,0,1,CHULA VISTA
9020681,2019,2020-01-22,3711,2019-12-10,1727,,2,7,BEYER BL,DEL SOL BL,Y,A,N,3,0,1,2,A,N,A,G,A,A,H,C,A,Y,,L,4,0,1,0,0,1,SAN DIEGO
4202219,2009,2009-11-06,3702,2009-03-18,1221,,3,6,3RD AV,PALOMAR ST,N,A,N,4,0,1,2,A,N,D,G,A,A,H,A,D,Y,,L,4,0,0,1,0,1,CHULA VISTA
5558286,2012,2013-07-29,3711,2012-03-26,946,,1,7,COLLEGE AV,ACORN ST,Y,B,N,3,0,1,1,A,N,F,A,A,A,H,A,A,Y,,L,4,0,1,0,0,1,SAN DIEGO
7039507,2015,2016-07-20,3711,2015-08-11,400,,2,7,COLLEGE AV,RT 8,Y,A,N,4,0,1,1,-,N,H,A,A,A,H,D,D,Y,,-,- ,0,0,1,0,1,SAN DIEGO
7072674,2015,2015-09-19,3711,2015-09-02,2015,,3,7,COLLEGE AV,ADLAIDE AV,N,A,N,3,0,1,1,A,N,E,A,A,A,H,C,A,Y,Y,L,4,0,1,0,0,1,SAN DIEGO
5536896,2012,2013-06-26,3702,2012-01-16,1610,,1,6,KENNEDY ST,3RD AV,N,A,N,4,0,1,2,A,N,D,G,A,A,H,A,D,Y,,L,4,0,0,1,0,1,CHULA VISTA
6558804,2014,2014-08-22,3702,2014-07-02,1507,,3,6,3RD AV,PALOMAR ST,N,A,N,3,0,1,2,A,N,D,G,A,A,H,A,A,Y,,L,4,0,1,0,0,1,CHULA VISTA
4566900,2010,2010-11-02,3706,2010-01-25,1148,ESPD,1,6,EAST VALLEY PKWY,ASH ST,N,A,N,4,0,1,2,A,N,D,G,A,A,H,A,A,Y,,L,,0,0,1,0,1,ESCONDIDO
5576367,2012,2013-08-19,3711,2012-04-14,1517,,6,7,IMPERIAL AV,61ST ST,N,B,N,4,0,1,1,A,N,E,-,A,A,B,A,D,Y,,L,4,0,0,1,0,1,SAN DIEGO
9041413,2019,2020-02-10,3702,2019-11-14,1530,,4,6,1ST AV,J ST,Y,A,N,3,0,1,2,A,N,D,G,A,A,H,A,D,Y,,A,1,0,1,0,0,1,CHULA VISTA
8023070,2016,2016-04-22,3702,2016-02-27,1510,,6,6,HILLTOP,PEPPER TREE,N,A,N,3,0,1,1,A,N,H,-,A,A,H,A,A,Y,,L,4,0,1,0,0,1,CHULA VISTA
8151500,2016,2016-10-27,3702,2016-09-19,1243,,1,6,3RD AV,PALOMAR ST,N,B,N,4,0,1,2,A,N,D,G,A,A,H,A,D,Y,,L,4,0,0,1,0,1,CHULA VISTA
9142934,2020,2020-09-03,3709,2020-06-25,1946,,4,5,SWEETWATER RD,PLAZA BONITA RD,N,A,N,4,0,2,3,-,N,G,G,A,H,H,A,A,Y,,A,1,0,0,2,0,1,NATIONAL CITY
8936741,2019,2019-09-20,3711,2019-08-25,1640,,7,7,INDIAN FIG DR,FAUNA DR,N,B,N,4,0,1,2,B,N,A,G,A,A,H,A,D,Y,,L,4,0,0,1,0,1,SAN DIEGO
5509690,2012,2013-06-28,3706,2012-02-08,1730,ESCON,3,6,3RD AV,BEECH ST,Y,A,N,3,0,1,2,A,N,D,G,A,A,H,A,A,Y,,L,4,0,1,0,0,1,ESCONDIDO
4513305,2009,2010-09-14,3706,2009-12-21,1742,,1,6,ROSE ST,LINCOLN AV,N,A,N,3,0,1,1,A,N,E,J,A,A,H,C,D,Y,Y,L,4,0,1,0,0,1,ESCONDIDO
8705595,2018,2018-10-23,3706,2018-09-13,705,ESCON,4,6,ROSE ST,LINCOLN AV,Y,A,N,3,0,1,1,C,N,E,I,A,A,H,A,A,Y,,-,- ,0,1,0,0,1,ESCONDIDO
7032587,2015,2015-09-04,3711,2015-08-09,1315,,7,7,POMERADO RD,FIELDSTONE DR,N,A,N,3,0,1,2,A,N,C,G,A,A,H,A,D,Y,,-,,0,1,0,0,1,SAN DIEGO
5512842,2012,2013-06-21,3711,2012-01-29,1150,,7,7,BLUE HAVEN DR,SERVANDO  AV,N,A,N,4,0,1,2,A,N,G,G,A,A,H,A,D,Y,,L,4,0,0,1,0,1,SAN DIEGO
6005980,2013,2014-01-28,3706,2013-02-23,1705,ESPD,6,6,HARDING ST,E WASHINGTON AV,N,A,N,3,0,1,2,A,N,D,G,A,A,H,A,A,Y,,L,4,0,1,0,0,1,ESCONDIDO
5421284,2011,2013-01-18,3711,2011-11-22,930,E,2,7,ZURA WY,MONTEZUMA,N,A,N,4,0,1,2,A,N,B,G,A,A,H,A,D,Y,,L,4,0,0,1,0,1,SAN DIEGO
8103049,2016,2016-08-19,3706,2016-08-09,1910,EPD,2,6,WASHINGTON AV,HARDING ST,Y,A,N,4,0,1,2,A,N,H,G,A,A,H,A,A,Y,,A,1,0,0,1,0,1,ESCONDIDO
6256559,2013,2014-04-14,3711,2013-09-26,1500,E,4,7,MONTEZUMA RD,ZURA WY,Y,A,N,4,0,1,2,A,N,B,G,A,A,H,A,D,Y,,A,7,0,0,1,0,1,SAN DIEGO
6691550,2014,2014-12-09,3711,2014-10-29,1530,,3,7,MONTEZUMA RD,E FALLS VIEW DR,N,A,N,4,0,1,2,A,N,D,G,A,A,H,A,D,Y,Y,L,4,0,0,1,0,1,SAN DIEGO
5187383,2011,2012-08-06,3706,2011-05-23,1656,ESPD,1,6,VALLEY PKWY,ASH ST,N,B,N,3,0,1,2,A,N,D,G,A,A,H,A,D,Y,,L,4,0,1,0,0,1,ESCONDIDO
5863636,2012,2013-12-20,3711,2012-10-23,1734,,2,7,WEST SAN YSIDRO BL,ISLA DEL CARMEN,N,A,N,4,0,2,2,A,N,G,G,A,A,H,A,D,Y,,L,4,0,0,2,0,1,SAN DIEGO
4875464,2010,2011-10-04,3711,2010-09-03,1918,,5,7,ROCK ST,GAYLE ST,Y,A,N,3,0,1,2,A,N,D,E,A,A,H,C,A,Y,,L,4,0,1,0,0,1,SAN DIEGO
8584311,2018,2018-03-30,3711,2018-03-18,2312,,7,7,COLLEGE AV,COLLEGE AV 6200,-,A,N,4,0,1,1,A,N,F,-,A,A,H,C,D,Y,,L,4,0,0,1,0,1,SAN DIEGO
6881542,2015,2015-04-27,3706,2015-03-20,1511,,5,6,GRAND AV,ASH ST,Y,A,N,4,0,1,2,A,N,D,G,A,A,H,A,A,Y,,L,4,0,0,1,0,1,ESCONDIDO
8467534,2017,2017-10-19,3706,2017-09-14,1333,ESCON,4,6,GRAND AV,ASH ST,Y,A,N,4,0,1,2,A,N,D,G,A,A,H,A,A,Y,,A,7,0,0,1,0,1,ESCONDIDO
8400976,2017,2017-07-31,3711,2017-06-25,1738,,7,7,COLLEGE AV,VIEW PL,N,A,N,3,0,1,1,A,N,H,-,A,A,G,A,D,Y,,L,4,0,1,0,0,1,SAN DIEGO
6910049,2015,2015-05-14,3706,2015-04-17,1413,,5,6,VALLEY PKWY,ASH ST,N,A,N,3,0,1,2,A,N,D,G,A,A,H,A,D,Y,,L,4,0,1,0,0,1,ESCONDIDO
8872492,2019,2019-06-07,3711,2019-05-27,1936,SOUTH,1,7,DEAUVILLE ST,SHAW,N,A,N,3,0,1,2,A,N,D,G,A,A,H,B,D,Y,,L,4,0,1,0,0,1,SAN DIEGO
8610728,2018,2018-05-15,3702,2018-03-21,1335,,3,6,3RD AV,QUINTARD ST,N,A,N,4,0,1,2,A,N,D,G,A,A,H,A,D,Y,,L,4,0,0,1,0,1,CHULA VISTA
5812158,2012,2013-11-08,3711,2012-08-14,748,SANDI,2,7,POMERADO RD,POMERADO RD 18300,N,A,N,3,0,1,1,D,N,H,A,A,A,B,A,D,Y,,-,- ,0,1,0,0,1,SAN DIEGO
6158690,2013,2014-03-18,3711,2013-07-22,1050,,1,7,IRIS AV,30TH ST,N,A,N,3,0,1,2,A,N,A,G,A,A,H,A,D,Y,,-,- ,0,1,0,0,1,SAN DIEGO
6875960,2015,2015-04-14,3711,2015-03-20,1159,,5,7,E FALLS VIEW,MONTEZUMA,Y,A,N,4,0,1,2,A,N,D,G,A,A,H,C,D,Y,,L,4,0,0,1,0,1,SAN DIEGO
8151712,2016,2016-10-26,3702,2016-10-05,1732,,3,6,BONITA RD,SANDALWOOD DR,N,A,N,4,0,1,2,A,N,D,G,A,A,H,B,D,Y,,A,1,0,0,1,0,1,CHULA VISTA
8613494,2018,2018-05-03,3702,2018-02-28,1800,,3,6,EAST H ST,HILLTOP DR,N,A,N,4,0,4,5,A,N,H,G,A,A,H,C,A,Y,,A,1,0,0,4,0,0,CHULA VISTA
6440425,2014,2014-06-24,3709,2014-03-25,1235,,2,5,PARADISE VALLEY RD,PLAZA ENTRADA,N,A,N,4,0,1,2,A,N,B,G,A,A,H,A,D,Y,,L,4,0,0,1,0,1,NATIONAL CITY
4397175,2009,2010-03-10,3702,2009-07-28,1000,,2,6,PALOMAR ST,3RD AV,N,A,N,4,0,1,2,A,N,D,G,A,A,H,A,D,Y,,-,- ,0,0,1,0,1,CHULA VISTA
7184507,2016,2016-02-19,3711,2016-02-08,1605,,1,7,EL CAJON BL,62ND ST,N,A,N,3,0,1,2,A,M,D,G,A,A,H,A,A,Y,,-,,0,1,0,0,1,SAN DIEGO
4527497,2009,2010-08-31,3706,2009-11-27,2005,ESPD,5,6,WASHINGTON AV,HARDING ST,N,B,N,3,0,1,2,A,M,D,G,A,A,H,C,D,Y,,A,7,0,1,0,0,1,ESCONDIDO
6703718,2014,2015-01-08,3711,2014-11-06,1525,,4,7,MONTEZUMA,63RD AV,N,A,N,3,0,1,2,A,N,A,G,A,A,H,A,A,Y,,L,4,0,1,0,0,1,SAN DIEGO
5473475,2011,2013-02-02,3702,2011-12-06,1607,,2,6,3RD AV,ZENITH AV,Y,A,N,3,0,1,2,A,N,D,G,A,A,H,A,D,Y,Y,L,4,0,1,0,0,1,CHULA VISTA
7044571,2015,2015-09-10,3702,2015-07-29,1812,,3,6,3RD AV,ORANGE AV,N,A,N,2,0,3,2,A,N,A,G,A,A,H,A,A,Y,,L,4,1,0,2,0,1,CHULA VISTA
8151704,2016,2016-10-25,3702,2016-10-03,2000,,1,6,ORANGE AV,3RD AV,N,A,N,4,0,1,2,A,N,B,G,A,A,H,C,A,Y,,L,4,0,0,1,0,1,CHULA VISTA
5016752,2010,2011-12-02,3711,2010-12-13,1315,,1,7,COLLEGE AV,UNIVERSITY AV,Y,A,N,3,0,1,1,-,N,E,-,A,A,H,A,-,Y,,-,- ,0,1,0,0,1,SAN DIEGO
8759870,2018,2019-01-26,3711,2018-12-09,1004,,7,7,UNIVERSITY AV,COLLEGE AV,Y,A,N,3,0,1,2,A,N,B,G,A,A,H,A,A,Y,Y,L,4,0,1,0,0,1,SAN DIEGO
8778244,2019,2019-02-02,3711,2019-01-08,1054,,2,7,COLLEGE AV,UNIVERSITY AV,Y,A,N,3,0,1,2,A,N,H,G,A,A,H,A,A,Y,,L,4,0,1,0,0,1,SAN DIEGO
6276719,2013,2014-07-09,3706,2013-11-19,1009,,2,6,HARDING ST,VALLEY PKWY,N,A,N,3,0,1,1,D,N,H,I,A,A,H,A,D,Y,,-,- ,0,1,0,0,1,ESCONDIDO
7098638,2015,2015-10-26,3711,2015-10-01,2102,,4,7,BEYER WY,CORONADO AV,N,A,N,3,0,1,1,A,N,H,A,A,A,H,D,D,Y,,L,4,0,1,0,0,1,SAN DIEGO
8151901,2016,2016-10-26,3711,2016-10-12,845,,3,7,UNIVERSITY AV,COLLEGE AV,N,A,N,4,0,1,2,A,N,D,G,A,A,H,A,D,Y,,-,,0,0,1,0,1,SAN DIEGO
8191839,2016,2016-12-21,3706,2016-12-06,1700,ESCON,2,6,3RD AV,SAN PASQUAL VALLEY RD,Y,A,N,3,0,1,2,A,N,H,G,A,A,H,C,A,Y,,L,4,0,1,0,0,1,ESCONDIDO
6850699,2015,2015-03-20,3711,2015-03-04,1635,,3,7,BEYER BL,IRIS AV,N,A,N,3,0,1,2,A,N,C,G,A,A,H,A,A,Y,,-,,0,1,0,0,1,SAN DIEGO
4750481,2011,2013-01-15,3706,2011-10-04,800,ESPD,2,6,VALLEY PKWY,HARDING ST,N,A,N,4,0,1,2,A,N,D,G,A,A,H,A,D,Y,,L,4,0,0,1,0,1,ESCONDIDO
5126230,2011,2012-05-23,3711,2011-04-01,1136,,5,7,IRIS AV,BEYER BL,N,A,N,3,0,1,2,A,N,H,G,A,A,H,A,A,Y,,L,4,0,1,0,0,1,SAN DIEGO
6750381,2014,2015-01-29,3711,2014-12-19,1500,234,5,7,LOMICA DR,BERNARDO OAKS,N,B,N,4,0,1,1,A,N,H,G,A,A,H,A,D,Y,Y,L,4,0,0,1,0,1,SAN DIEGO
5829875,2012,2014-04-18,3706,2012-09-07,1445,,5,6,HARDING ST,VALLEY PKWY,N,A,N,3,0,1,1,A,N,H,A,A,A,C,A,D,Y,,L,4,0,1,0,0,1,ESCONDIDO
5787814,2012,2013-11-25,3711,2012-08-11,935,,6,7,RANCHO BERNARDO RD,MEANDRO DR,N,A,N,4,0,1,1,A,N,H,A,A,A,A,A,D,Y,,L,4,0,0,1,0,1,SAN DIEGO
6704498,2014,2015-01-12,3711,2014-11-12,2007,,3,7,VALLEY RD,REO DR,N,B,N,3,0,1,2,A,N,C,E,A,A,H,D,D,Y,Y,L,4,0,1,0,0,1,SAN DIEGO
5042803,2011,2012-03-10,3706,2011-01-21,1659,ESPD,5,6,VALLEY PKWY,HARDING ST,N,A,N,3,0,1,2,A,N,D,G,A,A,H,A,A,Y,,L,4,0,1,0,0,1,ESCONDIDO
5236955,2011,2012-10-08,3711,2011-06-12,1455,,7,7,BROOKLYN AV,62ND ST,N,A,N,3,0,1,3,A,N,G,G,A,A,H,A,D,Y,,L,4,0,1,0,0,1,SAN DIEGO
5832099,2012,2013-12-11,3702,2012-09-08,2021,,6,6,HILLTOP DR,EAST I ST,Y,A,N,3,0,1,2,A,N,D,G,A,A,H,C,A,Y,,L,4,0,1,0,0,1,CHULA VISTA
6650819,2014,2014-10-23,3702,2014-09-17,1701,,3,6,HILLTOP DR,I ST,Y,A,N,3,0,1,2,A,N,D,G,A,A,H,A,A,Y,,A,1,0,1,0,0,1,CHULA VISTA
4333842,2009,2010-02-05,3702,2009-06-30,1903,,2,6,MAIN ST,3RD AV,N,A,N,4,0,1,2,A,F,-,G,A,A,H,A,D,Y,,-,- ,0,0,1,0,1,CHULA VISTA
8418079,2017,2017-08-02,3711,2017-07-23,1945,EASTE,7,7,SALLISAW CT,MARGERUM AV,N,A,N,3,0,1,1,B,N,H,A,A,A,H,B,D,Y,,L,4,0,1,0,0,1,SAN DIEGO
4335096,2009,2010-03-30,3706,2009-07-24,1855,ESPD,5,6,MISSION AV,ROSE ST,Y,A,N,3,0,1,2,A,N,H,G,A,A,H,A,A,Y,,A,1,0,1,0,0,1,ESCONDIDO
8934682,2019,2019-12-14,3706,2019-07-02,2309,,2,6,ROSE ST,MISSION AV,Y,A,N,4,0,1,2,A,N,H,G,A,A,H,E,B,Y,,A,1,0,0,1,0,1,ESCONDIDO
4759731,2010,2011-06-17,3711,2010-06-11,1641,,5,7,CUMBERLAND DR,RANCHO DR,N,B,N,3,0,1,2,A,N,D,G,A,A,H,A,A,Y,,L,4,0,1,0,0,1,SAN DIEGO
8504061,2017,2018-06-08,3700,2017-11-17,643,,5,4,BOULDER VIEW DR,POMERADO RD,Y,B,N,3,0,1,2,A,N,D,G,A,A,H,A,A,Y,,L,4,0,1,0,0,1,POWAY
8947088,2019,2019-10-03,3711,2019-09-09,951,,1,7,LORCA DR,LACO DR,Y,A,N,3,0,1,2,A,M,D,G,A,A,H,A,A,Y,,L,4,0,1,0,0,1,SAN DIEGO
5733426,2012,2013-09-30,3706,2012-06-21,1300,,4,6,VALLEY PKWY,HARDING ST,N,A,N,3,0,1,2,A,N,D,G,A,A,H,A,D,Y,,L,4,0,1,0,0,1,ESCONDIDO
8158044,2016,2016-11-07,3706,2016-10-14,1432,ESCON,5,6,VALLEY PKWY,HARDING ST,N,A,N,4,0,1,2,A,N,H,G,A,A,H,A,D,Y,,A,1,0,0,1,0,1,ESCONDIDO
6002933,2013,2014-01-22,3706,2013-01-18,1900,ESPD,5,6,HARDING ST,EAST VALLEY PKWY,N,A,N,4,0,1,2,A,F,D,G,A,A,H,C,A,Y,,A,1,0,0,1,0,1,ESCONDIDO
9163834,2020,2020-12-05,3711,2020-09-24,1904,,4,7,DIVISION ST,PLAZA BL,Y,-,N,4,0,1,2,A,N,D,G,A,A,H,B,A,Y,,L,4,0,0,1,0,1,SAN DIEGO
9182444,2020,2020-11-18,3700,2020-08-08,1138,,6,4,POMERADO RD,METATE LN,N,A,N,3,0,3,4,A,N,H,G,A,A,H,A,A,Y,,A,1,0,1,2,0,3,POWAY
8694846,2018,2018-09-19,3711,2018-08-26,1630,,7,7,SANDY SHORE CT,SANDY SHORE ST,Y,A,N,3,0,1,2,B,N,D,G,A,A,H,A,A,Y,,L,4,0,1,0,0,1,SAN DIEGO
6540204,2014,2014-08-09,3706,2014-06-06,1750,ESPD,5,6,MILLS ST,E WASHINGTON AV,N,A,N,2,0,1,2,A,F,A,G,A,A,H,A,D,Y,,L,4,1,0,0,0,1,ESCONDIDO
5811439,2012,2013-12-03,3711,2012-09-13,920,,4,7,MONTEZUMA RD,EWING ST,Y,A,N,4,0,1,2,A,N,D,G,A,A,H,A,D,Y,,L,4,0,0,1,0,1,SAN DIEGO
6162789,2013,2014-04-01,3711,2013-08-05,1303,EASTE,1,7,EWING ST,MONTEZUMA RD,Y,A,N,4,0,1,2,A,M,D,G,A,A,H,A,A,Y,Y,L,4,0,0,1,0,1,SAN DIEGO
5225618,2011,2012-06-08,3700,2011-05-04,1643,,3,4,POMERADO RD,POWAY RD,N,A,N,3,0,1,1,D,N,F,A,A,A,G,A,D,Y,,-,- ,0,1,0,0,1,POWAY
8955608,2019,2019-10-17,3711,2019-09-21,1830,,6,7,RANCHO HILLS DR,MORNINGSIDE ST,N,A,N,3,0,1,2,A,N,A,G,A,A,H,A,A,Y,,L,4,0,1,0,0,1,SAN DIEGO
8364223,2017,2017-05-23,3700,2017-04-18,935,,2,4,POMERADO RD,POWAY RD,N,A,N,3,0,1,2,A,N,D,G,A,A,H,A,D,Y,,A,1,0,1,0,0,1,POWAY
6506478,2014,2014-07-15,3700,2014-04-03,715,,4,4,POMERADO RD,MEADOWBROOK,N,A,N,3,0,1,2,A,N,B,G,A,A,H,A,D,Y,,A,1,0,1,0,0,1,POWAY
5536865,2012,2013-07-13,3700,2012-02-09,1510,,4,4,POMERADO RD 13800,POMERADO RD,N,A,N,3,0,1,2,A,N,C,G,A,A,H,A,D,Y,Y,L,4,0,1,0,0,1,POWAY
6185358,2013,2014-03-22,3700,2013-07-07,1015,,7,4,POMERADO RD,GLEN OAKS RD,N,A,N,3,0,1,3,A,N,B,G,A,A,H,A,A,Y,,A,1,0,1,0,0,1,POWAY
4418806,2009,2010-05-18,3700,2009-08-03,2005,,1,4,POMERADO RD,GLEN OAKS RD,N,A,N,4,0,1,2,A,N,D,G,A,A,H,C,A,Y,,A,1,0,0,1,0,1,POWAY
6701097,2014,2015-01-08,3711,2014-11-10,1600,,1,7,MONTEZUMA RD,ART ST,N,A,N,3,0,1,2,A,N,-,G,A,A,H,A,D,Y,,-,,0,1,0,0,1,SAN DIEGO
8496935,2017,2017-12-16,3700,2017-10-22,1022,,7,4,POMERADO RD,RIMBACH RD,Y,A,N,2,0,1,2,A,N,H,G,A,A,H,A,D,Y,,A,1,1,0,0,0,1,POWAY
8349437,2017,2017-04-21,3700,2017-03-27,1434,,1,4,POMERADO RD,MCFERON RD,Y,A,N,3,0,1,2,A,N,A,G,A,A,H,A,A,Y,,L,4,0,1,0,0,1,POWAY
8748017,2018,2019-01-25,3711,2018-11-23,1731,,5,7,DAIRY MART RD,SAN YSIDRO BL,N,A,N,4,0,1,2,A,N,D,G,A,A,H,C,D,Y,,-,,0,0,1,0,1,SAN DIEGO
6637411,2014,2014-10-15,3706,2014-09-18,1147,,4,6,VALLEY PKWY,HARDING ST,N,A,N,3,0,1,2,A,N,D,G,A,A,H,A,D,Y,,L,4,0,1,0,0,1,ESCONDIDO
8134573,2016,2016-10-05,3711,2016-09-27,1723,,2,7,DAIRY MART RD,SERVANDO  AV,N,B,N,3,0,1,2,A,N,H,G,A,A,H,B,A,Y,,-,,0,1,0,0,1,SAN DIEGO
9237466,2020,2021-03-11,3711,2020-01-29,1500,,3,7,DAIRY MART RD,TEQUILA WY,Y,A,N,4,0,1,2,D,N,G,G,A,A,H,A,A,Y,,-,- ,0,0,1,0,1,SAN DIEGO
6116350,2013,2014-02-28,3711,2013-06-14,1310,,5,7,DAIRY MART RD,WEST SAN YSIDRO BL,Y,A,N,4,0,1,2,A,N,G,G,A,A,H,A,A,Y,,-,- ,0,0,1,0,1,SAN DIEGO
6212543,2013,2014-04-09,3711,2013-09-12,755,SANDI,4,7,POCITOS WY,DAIRY MART RD,Y,A,N,4,0,1,2,A,N,D,G,A,A,H,A,D,Y,,-,- ,0,0,1,0,1,SAN DIEGO
5939941,2012,2014-01-11,3702,2012-12-18,1320,,2,6,PALOMAR ST,3RD AV,N,C,N,4,0,1,2,A,N,H,G,A,B,H,A,A,Y,,L,4,0,0,1,0,1,CHULA VISTA
4270575,2009,2010-03-09,3711,2009-06-08,1254,,1,7,63RD ST,IMPERIAL AV,N,A,N,3,0,1,1,A,N,F,-,A,A,H,A,D,Y,,L,4,0,1,0,0,1,SAN DIEGO
4452193,2009,2010-08-16,3711,2009-11-09,1800,,1,7,BEYER BL,DAIRY MART RD,Y,A,N,4,0,1,1,-,N,F,-,A,A,H,C,-,Y,,-,- ,0,0,1,0,1,SAN DIEGO
5832096,2012,2013-12-14,3702,2012-09-07,2208,,5,6,TREMONT ST,DEL MONTE,N,A,N,3,0,1,2,A,N,D,G,A,A,H,C,D,Y,,L,4,0,1,0,0,1,CHULA VISTA
8808034,2018,2019-03-26,3702,2018-09-18,2222,,2,6,PALOMAR ST,SECOND AV,Y,A,N,1,1,0,2,A,N,D,G,A,A,H,C,A,Y,,L,4,0,0,0,1,0,CHULA VISTA
4683683,2010,2011-03-29,3706,2010-04-20,1544,ESPD,2,6,EL NORTE PKWY,MIDWAY DR,N,A,N,3,0,1,2,A,N,D,G,A,A,H,A,D,Y,,L,4,0,1,0,0,1,ESCONDIDO
8986329,2019,2019-12-02,3711,2019-10-31,1730,,4,7,ALVARADO RD,ALVARADO CT,N,A,N,4,0,1,2,A,N,G,G,A,A,H,A,A,Y,Y,L,4,0,0,1,0,1,SAN DIEGO
8519483,2017,2018-01-04,3711,2017-12-12,757,,2,7,ALVARADO CT,ALVARADO RD,N,A,N,4,0,1,2,A,N,D,G,A,A,H,A,D,Y,,L,4,0,0,1,0,1,SAN DIEGO
6067544,2013,2014-02-20,3702,2013-04-22,810,,1,6,HILLTOP DR,J ST,N,A,N,4,0,1,2,A,F,B,G,A,A,H,A,D,Y,,D,22,0,0,1,0,1,CHULA VISTA
5197549,2011,2012-05-22,3700,2011-04-07,1923,,4,4,CAMINO DEL NORTE,POMERADO RD,N,A,N,3,0,1,2,A,N,H,G,A,A,H,D,D,Y,,A,7,0,1,0,0,1,POWAY
6439889,2014,2015-08-14,3711,2014-03-13,1744,SAN D,4,7,STREAMVIEW DR,EGAN,N,A,N,3,0,1,2,A,N,B,G,A,A,H,A,D,Y,,L,4,0,1,0,0,1,SAN DIEGO
6006535,2013,2014-01-28,3702,2013-02-07,2235,,4,6,PALOMAR ST,2ND AV,N,A,N,3,0,1,1,A,N,H,G,A,A,H,C,D,Y,Y,L,4,0,1,0,0,1,CHULA VISTA
4932091,2010,2011-12-19,3711,2010-11-06,1230,,6,7,PALM AV,PICADOR BL,Y,A,N,4,0,1,2,A,M,B,G,A,A,H,A,A,Y,,-,- ,0,0,1,0,1,SAN DIEGO
5047513,2010,2011-12-05,3711,2010-12-22,1905,,3,7,BEYER WY,PICADOR BL,N,B,N,4,0,1,2,A,N,G,B,A,A,H,C,A,Y,,A,1,0,0,1,0,1,SAN DIEGO
8178665,2016,2016-12-06,3711,2016-11-14,851,,1,7,BEYER WY,PALM AV,N,A,N,3,0,1,2,A,M,C,G,A,A,H,A,D,Y,,L,4,0,1,0,0,1,SAN DIEGO