CASE_ID,ACCIDENT_YEAR,PROC_DATE,JURIS,COLLISION_DATE,COLLISION_TIME,REPORTING_DISTRICT,DAY_OF_WEEK,POPULATION,PRIMARY_RD,SECONDARY_RD,INTERSECTION,WEATHER_1,STATE_HWY_IND,COLLISION_SEVERITY,NUMBER_KILLED,NUMBER_INJURED,PARTY_COUNT,PRIMARY_COLL_FACTOR,HIT_AND_RUN,TYPE_OF_COLLISION,MVIW,PED_ACTION,ROAD_SURFACE,ROAD_COND_1,LIGHTING,CONTROL_DEVICE,BICYCLE_ACCIDENT,ALCOHOL_INVOLVED,STWD_VEHTYPE_AT_FAULT,CHP_VEHTYPE_AT_FAULT,COUNT_SEVERE_INJ,COUNT_VISIBLE_INJ,COUNT_COMPLAINT_PAIN,COUNT_BICYCLIST_KILLED,COUNT_BICYCLIST_INJURED,CITY
8098466,2016,2016-08-05,3702,2016-06-16,1700,,4,6,MAIN ST,DATE ST,Y,A,N,3,0,1,2,A,F,B,G,A,A,H,A,D,Y,,A,1,0,1,0,0,1,CHULA VISTA
4179513,2009,2009-11-19,3700,2009-03-03,1711,,2,4,BROADWAY,NORTH AV,N,A,N,3,0,1,2,A,N,D,G,A,A,H,A,D,Y,,D,22,0,1,0,0,1,LEMON GROVE
6879734,2015,2015-04-20,3702,2015-03-29,1135,,7,6,EAST H ST,TERRA NOVA,N,A,N,3,0,1,2,A,N,D,G,A,A,H,A,A,Y,,L,4,0,1,0,0,1,CHULA VISTA
7127740,2015,2015-12-02,3711,2015-11-18,1507,,3,7,IMPERIAL AV,FLICKER ST,Y,A,N,3,0,1,2,A,N,A,G,A,A,H,A,A,Y,,-,,0,1,0,0,1,SAN DIEGO
6727975,2014,2015-01-15,3711,2014-11-23,1632,,7,7,IMPERIAL AV,68TH ST,N,A,N,4,0,1,2,A,N,D,G,A,A,H,A,D,Y,Y,A,7,0,0,1,0,1,SAN DIEGO
5287089,2011,2013-01-02,3711,2011-08-02,1220,,2,7,BEYER BL,COTTONWOOD,N,A,N,4,0,1,2,A,N,H,G,A,A,H,A,D,Y,,L,4,0,0,1,0,1,SAN DIEGO
5200266,2011,2012-07-02,3708,2011-05-27,739,400,5,5,UNIVERSITY AV,LOIS ST,N,A,N,4,0,1,2,A,N,D,G,A,A,H,A,A,Y,,L,4,0,0,1,0,1,LA MESA
8826816,2019,2019-03-26,3708,2019-03-06,725,,3,5,UNIVERSITY AV,70TH ST,Y,A,N,4,0,1,1,A,N,F,A,A,A,H,A,A,Y,,L,4,0,0,1,0,1,LA MESA
5827203,2012,2013-12-12,3711,2012-09-07,855,,5,7,JAMACHA RD,FLICKER ST,N,A,N,3,0,1,2,A,N,D,G,A,A,H,A,D,Y,,L,4,0,1,0,0,1,SAN DIEGO
8284140,2016,2017-01-20,3708,2016-12-27,2129,,2,5,70TH ST,ALAMO WY,N,A,N,3,0,1,2,A,N,D,G,A,A,H,C,D,Y,,L,4,0,1,0,0,1,LA MESA
8022935,2016,2016-04-25,3711,2016-04-07,824,,4,7,PASEO DEL VERANO NORTE,CUMANA TER,N,C,N,2,0,1,1,A,N,H,I,A,B,H,A,D,Y,,L,4,1,0,0,0,1,SAN DIEGO
9081258,2020,2020-06-19,3711,2020-03-15,1330,,7,7,70TH ST,MOHAWK ST,Y,B,N,3,0,1,2,A,N,C,G,A,A,H,A,D,Y,,A,1,0,1,0,0,1,SAN DIEGO
8087582,2016,2016-07-25,3711,2016-07-13,1040,SAN D,3,7,MISSION GORGE RD,GOLFCREST DR,Y,A,N,4,0,1,2,A,N,G,G,A,A,H,A,A,Y,,I,11,0,0,1,0,1,SAN DIEGO
5992288,2013,2014-02-08,3711,2013-03-16,1445,,6,7,EL CAJON BL,70TH ST,N,A,N,4,0,1,1,A,N,E,I,A,A,H,A,D,Y,,L,4,0,0,1,0,1,SAN DIEGO
6505884,2014,2015-09-24,3711,2014-05-11,1300,,7,7,SARANAC ST,70TH ST,Y,A,N,3,0,1,2,A,N,B,G,A,A,H,A,A,Y,,L,4,0,1,0,0,1,SAN DIEGO
5619990,2012,2013-09-21,3711,2012-05-08,1630,,2,7,EL CAJON BL,70TH ST,N,A,N,4,0,1,2,A,M,D,G,A,A,H,A,D,Y,,L,4,0,0,1,0,1,SAN DIEGO
6934244,2015,2015-06-17,3711,2015-05-01,1554,,5,7,PIGEON,LISBON ST,N,A,N,3,0,1,2,A,N,A,G,A,A,H,A,A,Y,,A,1,0,1,0,0,1,SAN DIEGO
8142429,2016,2016-10-21,3708,2016-09-20,1334,,2,5,70TH ST,TOWER ST,N,C,N,3,0,1,2,A,N,G,G,A,B,G,A,D,Y,,A,1,0,1,0,0,1,LA MESA
5039044,2011,2012-04-19,3711,2011-02-09,1700,,3,7,70TH ST,ALVARADO RD,N,A,N,3,0,1,3,A,N,B,G,A,A,H,A,D,Y,,L,4,0,1,0,0,1,SAN DIEGO
90178440,2016,2016-05-12,9650,2016-04-27,710,,3,9,MARY LANE,PUEBLA ST,N,A,N,3,0,1,2,A,N,D,G,A,A,H,A,D,Y,,A,1,0,1,0,0,1,UNINCORPORATED
6230624,2013,2014-02-22,3708,2013-05-24,1638,100,5,5,70TH ST,ALVARADO RD,N,A,N,2,0,1,1,A,N,E,I,A,A,H,A,A,Y,,L,4,1,0,0,0,1,LA MESA
8444676,2017,2017-08-31,3708,2017-07-11,1330,,2,5,70TH ST,ALVARADO RD,N,A,N,3,0,1,2,A,N,D,G,A,A,H,A,A,Y,,D,22,0,1,0,0,1,LA MESA
9173885,2020,2020-10-27,3702,2020-08-28,1209,,5,6,EAST ORANGE AV,LARKHAVEN DR,N,A,N,3,0,1,2,A,N,D,G,A,A,H,A,A,Y,,L,4,0,1,0,0,1,CHULA VISTA
6153866,2013,2014-02-26,3702,2013-05-29,2209,,3,6,MAIN ST,SYCAMORE DR,N,B,N,3,0,1,2,A,F,G,G,A,A,H,D,D,Y,,L,4,0,1,0,0,1,CHULA VISTA
5220409,2011,2012-09-20,3711,2011-06-11,2300,SD,6,7,WOODMAN ST,PARADISE VALLEY RD,N,A,N,3,0,1,2,A,M,H,G,A,A,H,D,D,Y,,L,4,0,1,0,0,1,SAN DIEGO
5399408,2011,2012-12-26,3702,2011-10-09,1838,,7,6,PALM AV,OTAY VALLEY RD,N,A,N,3,0,1,1,A,N,E,I,A,A,H,D,D,Y,Y,L,4,0,1,0,0,1,CHULA VISTA
5133534,2011,2012-05-03,3711,2011-03-03,708,,4,7,JACKSON DR,NAVAJO RD,Y,A,N,3,0,1,2,A,N,D,G,A,A,H,A,A,Y,,L,4,0,1,0,0,1,SAN DIEGO
90812617,2018,2018-11-09,9645,2018-09-01,1150,,6,9,BONITA RD,WILLOW ST,N,A,N,4,0,1,2,A,N,D,G,A,A,H,A,D,Y,,A,1,0,0,1,0,1,UNINCORPORATED
8328196,2017,2017-03-20,3711,2017-03-07,1650,,2,7,ELMCREST DR,ELMCREST DR 6400,-,A,N,4,0,1,1,C,N,H,A,A,A,H,A,D,Y,,-,- ,0,0,1,0,1,SAN DIEGO
5732691,2012,2013-11-02,3711,2012-07-10,2100,,2,7,CAMINO DE LA PLAZA,SIPES LN,N,A,N,3,0,1,2,A,N,D,G,A,A,H,E,D,Y,,L,4,0,1,0,0,1,SAN DIEGO
8807483,2018,2019-04-05,3700,2018-08-05,1230,,7,4,BROADWAY,BROADWAY 7050,N,A,N,3,0,1,2,A,N,B,G,A,A,H,C,D,Y,Y,A,1,0,1,0,0,1,LEMON GROVE
4876616,2010,2011-10-03,3706,2010-09-02,1830,ESPD,4,6,BEAR VALLEY PKWY,MIDWAY DR,Y,A,N,3,0,1,2,A,N,D,G,A,A,H,A,A,Y,,L,4,0,1,0,0,1,ESCONDIDO
8384098,2017,2017-07-17,3702,2017-05-01,1102,,1,6,E NAPLES,E NAPLES 300,-,A,N,3,0,1,2,A,N,C,G,A,A,H,A,D,Y,,L,4,0,1,0,0,1,CHULA VISTA
8168151,2019,2019-10-29,3706,2019-09-12,1420,ESCON,4,6,VALLEY PKWY,CITRUS AV,N,A,N,4,0,1,2,A,N,H,G,A,A,H,A,D,Y,,L,4,0,0,1,0,1,ESCONDIDO
5034004,2010,2011-12-01,3706,2010-11-09,754,,2,6,GRAND AV,BEAR VALLEY PKY,N,A,N,3,0,1,2,A,N,D,G,A,A,H,A,D,Y,,L,4,0,1,0,0,1,ESCONDIDO
5644160,2012,2013-10-19,3711,2012-06-02,2250,,6,7,PARADISE VALLEY RD,WOODMAN ST,N,A,N,4,0,1,2,A,N,H,G,A,A,H,C,D,Y,,-,- ,0,0,1,0,1,SAN DIEGO
6449020,2014,2014-07-17,3706,2014-03-24,732,ESPD,1,6,CRAIGMORE AV,BEAR VALLEY PKWY,Y,B,N,3,0,1,2,A,N,D,G,A,A,H,A,A,Y,,L,4,0,1,0,0,1,ESCONDIDO
8375453,2017,2017-06-07,3708,2017-05-10,1145,,3,5,COLONY RD,71ST ST,Y,A,N,3,0,1,2,A,N,D,G,A,A,H,A,A,Y,,L,4,0,1,0,0,1,LA MESA
6693045,2014,2016-01-05,3708,2014-09-17,1828,,3,5,LAKE MURRAY BL,WISCONSIN AV,N,A,N,4,0,1,2,A,F,B,G,A,A,H,A,D,Y,,D,22,0,0,1,0,1,LA MESA
5936008,2012,2013-12-27,3702,2012-11-26,1700,,1,6,MAIN ST,SYCAMORE DR,N,A,N,4,0,1,2,A,N,G,G,A,A,H,B,D,Y,Y,L,4,0,0,1,0,1,CHULA VISTA
8168084,2019,2019-10-29,3706,2019-09-17,730,ESCON,2,6,BEAR VALLEY PKWY,MIDWAY DR,Y,A,N,3,0,1,2,A,N,H,G,A,A,H,A,A,Y,,L,4,0,1,0,0,1,ESCONDIDO
8592691,2018,2018-04-06,3711,2018-03-20,705,,2,7,HYDE PARK DR,EVERGLADES AV,N,A,N,3,0,1,2,A,N,D,G,A,A,H,A,D,Y,,L,4,0,1,0,0,1,SAN DIEGO
8977509,2019,2019-11-20,3706,2019-10-16,630,ESCON,3,6,BEAR VALLEY PKWY,MIDWAY DR,Y,A,N,3,0,1,2,A,F,H,G,A,A,H,B,A,Y,,A,1,0,1,0,0,1,ESCONDIDO
6448906,2014,2014-07-03,3706,2014-03-27,634,ESPD,4,6,BEAR VALLEY PKWY,MIDWAY DR,Y,B,N,3,0,1,2,A,N,D,G,A,A,H,A,A,Y,,L,4,0,1,0,0,1,ESCONDIDO
6889310,2015,2015-04-24,3706,2015-03-27,1649,,5,6,BEAR VALLEY PKWY,MIDWAY DR,Y,A,N,3,0,1,2,A,N,D,G,A,A,H,D,A,Y,,L,4,0,1,0,0,1,ESCONDIDO
8136209,2016,2016-10-06,3708,2016-08-28,1450,,7,5,LAKE MURRAY BL,PARKWAY DR,N,A,N,3,0,1,2,A,N,C,C,A,A,H,A,A,Y,Y,L,4,0,1,0,0,1,LA MESA
5322951,2011,2012-12-18,3711,2011-09-27,1402,,2,7,MARCWADE DR,TWINING AV,Y,B,N,3,0,1,2,A,N,H,G,A,A,H,A,D,Y,,L,4,0,1,0,0,1,SAN DIEGO
5827400,2012,2013-12-07,3706,2012-09-05,1455,ESPD,3,6,FLINT AV,BEAR VALLEY PKWY,N,A,N,3,0,1,2,A,N,D,G,A,A,H,A,D,Y,,L,4,0,1,0,0,1,ESCONDIDO
4395166,2009,2010-06-23,3711,2009-09-04,1810,,5,7,DEL SOL BL,TWINING AV,N,B,N,3,0,1,2,A,N,A,G,A,A,H,A,D,Y,,L,,0,1,0,0,1,SAN DIEGO
4323396,2009,2010-03-26,3711,2009-07-15,1543,,3,7,VIA DE SAN YSIDRO,WEST SAN YSIDRO BL,N,A,N,3,0,2,2,A,M,G,G,A,A,H,A,D,Y,,L,,0,2,0,0,2,SAN DIEGO
9203009,2020,2021-02-06,3708,2020-12-03,1427,,4,5,LAKE MURRAY BL,PARKWAY DR,Y,A,N,4,0,1,2,A,N,B,G,A,A,H,A,A,Y,,L,4,0,0,1,0,1,LA MESA
6433787,2014,2014-07-22,3708,2014-04-04,917,100,5,5,LAKE MURRAY BL,CONNECTICUT AV,N,A,N,3,0,1,2,A,N,B,C,A,A,H,A,A,Y,,L,4,0,1,0,0,1,LA MESA
6153422,2013,2014-03-05,3702,2013-06-13,2029,,4,6,EAST ORANGE AV,MAX AV,N,A,N,3,0,1,1,A,N,H,A,A,A,H,C,A,Y,Y,L,4,0,1,0,0,1,CHULA VISTA
8699971,2018,2018-09-26,3708,2018-07-24,1958,,2,5,LAKE MURRAY BL,CONNECTICUT AV,N,A,N,3,0,1,1,A,N,F,I,A,A,G,B,D,Y,,L,4,0,1,0,0,1,LA MESA
5903363,2013,2014-04-04,3711,2013-01-16,1315,,3,7,WEST SAN YSIDRO BL,VIA DE SAN YSIDRO BL,Y,A,N,4,0,1,2,A,N,G,G,A,A,H,A,A,Y,,L,4,0,0,1,0,1,SAN DIEGO
5364620,2011,2012-12-13,3702,2011-09-07,1853,,3,6,RIOS AV,OTAY VALLEY RD,N,A,N,2,0,1,2,A,N,D,G,A,A,H,A,D,Y,,L,4,1,0,0,0,1,CHULA VISTA
4423992,2009,2010-08-02,3711,2009-10-02,1710,SDPD,5,7,EAST SAN YSIDRO BL,SAN YSIDRO BL,-,A,N,4,0,1,2,A,N,G,G,A,A,H,A,D,Y,,L,4,0,0,1,0,1,SAN DIEGO
5398722,2011,2013-01-18,3711,2011-11-09,1557,,3,7,ALTA VIEW DR,OMEGA,N,A,N,3,0,1,2,A,N,C,G,A,A,H,A,A,Y,,L,4,0,1,0,0,1,SAN DIEGO
4137108,2009,2009-10-07,3708,2009-02-11,1445,400,3,5,PARKWAY DR,LAKE MURRAY BL,N,B,N,4,0,1,2,A,N,B,G,A,A,H,A,A,Y,,D,22,0,0,1,0,1,LA MESA
6354188,2013,2014-05-14,3706,2013-12-27,1800,ESPD,5,6,WANEK RD,PICKETT GLEN,N,A,N,3,0,1,2,A,N,A,G,A,A,H,C,D,Y,Y,L,4,0,1,0,0,1,ESCONDIDO
8462471,2017,2017-10-09,3700,2017-08-23,2018,,3,4,COMMUNITY RD,STOWE DR,N,A,N,3,0,1,1,A,N,E,J,A,A,H,C,-,Y,,L,4,0,1,0,0,1,POWAY
6248445,2013,2014-07-03,3711,2013-10-10,745,SANDI,4,7,EL CAJON BL,71ST ST,N,B,N,3,0,1,2,A,N,G,G,A,A,H,A,D,Y,,L,4,0,1,0,0,1,SAN DIEGO
4190525,2009,2009-11-07,3706,2009-03-23,905,ESPD,1,6,GRAND AV,BEAR VALLEY PKWY,N,A,N,3,0,1,2,A,N,D,G,A,A,H,A,D,Y,,L,4,0,1,0,0,1,ESCONDIDO
5836140,2012,2013-12-07,3706,2012-09-26,1523,ESCON,3,6,VALLEY PKWY,CITRUS AV,Y,A,N,3,0,1,2,A,N,D,G,A,A,H,A,A,Y,,L,4,0,1,0,0,1,ESCONDIDO
5031049,2010,2011-12-15,3706,2010-12-17,20,ESCON,5,6,VALLEY PKWY,CITRUS AV,N,B,N,4,0,1,1,C,N,F,A,A,A,H,C,D,Y,Y,-,- ,0,0,1,0,1,ESCONDIDO
8141820,2016,2016-12-07,3711,2016-09-27,825,,2,7,PARADISE VALLEY RD,WOODMAN VILLAGE,N,A,N,3,0,1,2,A,N,B,G,A,A,H,A,A,Y,,L,4,0,1,0,0,1,SAN DIEGO
4716114,2010,2011-04-25,3711,2010-05-12,1620,,3,7,LEMON SEED DR,SHEPARD,N,A,N,4,0,1,2,A,N,B,G,A,A,H,A,D,Y,,L,4,0,0,1,0,1,SAN DIEGO
5049261,2010,2011-12-03,3702,2010-12-14,1749,,2,6,WILLOW ST,SWEETWATER RD,N,A,N,3,0,1,1,C,N,H,G,A,A,H,C,D,Y,,-,- ,0,1,0,0,1,CHULA VISTA
5645724,2012,2013-09-14,3711,2012-05-23,2034,,3,7,TUXEDO RD,MELOTTE ST,N,A,N,3,0,1,1,A,N,F,A,A,A,H,C,D,Y,,L,4,0,1,0,0,1,SAN DIEGO
8741995,2018,2018-11-29,3711,2018-11-12,1640,,1,7,LEPPERT ST,VIEWCREST DR,N,A,N,2,0,1,1,A,N,H,G,A,A,H,D,D,Y,,L,4,1,0,0,0,1,SAN DIEGO
8104869,2016,2016-08-24,3700,2016-07-15,1700,,5,4,POWAY RD,COMMUNITY RD,N,A,N,4,0,1,2,A,N,D,G,A,A,H,A,D,Y,,L,4,0,0,1,0,1,POWAY
4758728,2010,2011-05-10,3708,2010-05-26,742,400,3,5,BLACKTON DR,MASSACHUSETTS AV,N,A,N,3,0,1,2,A,N,D,G,A,A,H,A,D,Y,,L,4,0,1,0,0,1,LA MESA
6557805,2014,2014-08-13,3702,2014-06-26,1633,,4,6,KARRA CT,KILEY RD,N,A,N,3,0,1,2,A,N,D,E,A,A,H,A,D,Y,,L,4,0,1,0,0,1,CHULA VISTA
7146167,2015,2016-01-07,3708,2015-12-15,1430,,2,5,MASSACHUSETTS AV,BOULEVARD DR,Y,A,N,3,0,1,2,A,F,B,G,A,A,H,A,A,Y,,A,1,0,1,0,0,1,LA MESA
6934350,2015,2015-06-11,3711,2015-05-15,1844,,5,7,ALSACIA ST,SOUTH WOODMAN ST,N,B,N,3,0,1,2,A,M,D,G,A,A,H,A,A,Y,,-,,0,1,0,0,1,SAN DIEGO
8749101,2018,2019-01-15,3708,2018-10-03,804,,3,5,MASSACHUSETTS AV,UNIVERSITY AV,N,A,N,2,0,1,2,A,N,D,G,A,A,H,A,A,Y,,L,4,1,0,0,0,1,LA MESA
90541562,2017,2017-09-06,9645,2017-08-24,1645,,4,9,BONITA ROAD (3800 BLOCK),GLEN ABBEY DR,N,A,N,4,0,1,2,A,N,D,G,A,A,H,A,D,Y,,A,7,0,0,1,0,1,UNINCORPORATED
90632639,2017,2018-01-04,9645,2017-12-21,1605,,4,9,BONITA RD. (3800 BLOCK),GLEN ABBEY DR.,N,A,N,4,0,1,2,A,N,D,G,A,A,H,A,D,Y,,D,22,0,0,1,0,1,UNINCORPORATED
6119968,2013,2014-03-01,3708,2013-05-20,1600,200,1,5,UNIVERSITY AV,MASSACHUSETTS AV,Y,A,N,3,0,1,2,A,N,D,G,A,A,H,A,A,Y,,L,4,0,1,0,0,1,LA MESA
5880666,2012,2014-01-08,3700,2012-11-04,1100,,7,4,MASSACHUSETTS AV,MOUNT VERNON AV,-,A,N,3,0,1,2,A,N,B,G,A,A,H,A,D,Y,,L,4,0,1,0,0,1,LEMON GROVE
5491836,2012,2013-06-22,3700,2012-01-14,1556,,6,4,SAN MIGUEL  AV,MASSACHUSETTS AV,Y,A,N,4,0,1,2,A,N,G,B,A,A,H,A,A,Y,,A,1,0,0,1,0,1,LEMON GROVE
6601161,2014,2014-09-15,3711,2014-08-12,2000,,2,7,SKYLINE  DR,SYCHAR RD,Y,A,N,3,0,1,1,A,N,H,-,A,A,H,C,A,Y,,L,4,0,1,0,0,1,SAN DIEGO
8819523,2017,2019-03-12,3700,2017-07-22,2,,6,4,MASSACHUSETTS AV,CENTRAL AV,Y,A,N,3,0,1,2,A,F,C,G,A,A,H,C,A,Y,,-,99,0,1,0,0,1,LEMON GROVE
5719604,2012,2013-10-09,3700,2012-06-14,1752,,4,4,BROADWAY,MASSACHUSETTS AV,N,A,N,3,0,1,2,A,N,C,G,A,A,H,A,D,Y,,A,1,0,1,0,0,1,LEMON GROVE
8778757,2018,2019-02-01,3700,2018-07-09,2221,,1,4,MASSACHUSETTS AV,BROADWAY,N,A,N,2,0,1,2,A,N,B,B,A,A,H,C,A,Y,,L,4,1,0,0,0,1,LEMON GROVE
9256172,2020,2021-06-03,3700,2020-10-29,1950,,4,4,MASSACHUSETTS AV,BROADWAY,N,A,N,1,1,0,2,A,N,H,G,A,A,H,C,D,Y,Y,L,4,0,0,0,1,0,LEMON GROVE
6543167,2014,2014-08-01,3700,2014-05-03,1100,,6,4,COMMUNITY RD,METATE LN,Y,A,N,3,0,1,1,A,N,E,I,A,A,H,A,A,Y,,L,4,0,1,0,0,1,POWAY
7130929,2015,2015-12-10,3700,2015-10-28,1030,,3,4,COMMUNITY RD,METATE LN,Y,A,N,2,0,1,1,A,N,H,J,A,A,H,A,A,Y,,L,4,1,0,0,0,1,POWAY
4146647,2009,2009-11-02,3711,2009-03-06,2022,MC,5,7,72ND ST,EL CAJON BL,N,A,N,3,0,1,1,A,N,H,-,A,A,H,C,D,Y,,L,4,0,1,0,0,1,SAN DIEGO
4130239,2009,2009-09-23,3711,2009-02-23,625,,1,7,72ND ST,EL CAJON BL,Y,A,N,3,0,1,2,A,N,D,G,A,A,H,A,D,Y,,L,4,0,1,0,0,1,SAN DIEGO
4961923,2010,2011-11-29,3711,2010-11-17,1142,SAN D,3,7,CAMINO DE LA PLAZA,WILLOW,N,B,N,3,0,1,2,A,N,D,G,A,A,H,A,A,Y,,-,- ,0,1,0,0,1,SAN DIEGO
8027882,2016,2016-04-26,3711,2016-04-15,1628,,5,7,CAMINO DE LA PLAZA,WILLOW RD,N,A,N,3,0,1,2,A,N,A,G,A,A,H,A,A,Y,,L,4,0,1,0,0,1,SAN DIEGO
5951491,2012,2013-12-14,3702,2012-10-01,1715,,1,6,MAIN ST,OTAY VALLEY RD,Y,A,N,3,0,1,2,A,N,H,G,A,A,H,A,D,Y,,A,1,0,1,0,0,1,CHULA VISTA
6924888,2015,2015-06-05,3700,2015-04-14,1620,,2,4,POWAY RD,COMMUNITY RD,N,A,N,3,0,1,2,A,N,D,G,A,A,H,A,A,Y,,A,1,0,1,0,0,1,POWAY
6995466,2015,2015-08-05,3702,2015-06-05,2020,,5,6,OTAY VALLEY RD,MAIN ST,N,A,N,4,0,1,2,A,N,D,G,A,A,H,C,D,Y,,-,,0,0,1,0,1,CHULA VISTA
8819539,2017,2019-03-12,3700,2017-08-19,1200,,6,4,BROADWAY,MASSACHUSETTS AV,N,A,N,4,0,1,2,A,F,D,G,A,A,H,A,D,Y,,A,8,0,0,1,0,1,LEMON GROVE
4840992,2010,2011-07-27,9650,2010-07-28,1300,,3,9,WEST LILAC RD,OLD HWY 395,N,A,N,2,0,1,1,A,N,H,A,A,A,H,A,D,Y,,L,4,1,0,0,0,1,UNINCORPORATED
6637466,2014,2014-11-04,3706,2014-09-19,1832,,5,6,VALLEY PKWY,CITRUS AV,N,A,N,3,0,1,2,A,N,D,G,A,A,H,B,D,Y,,L,4,0,1,0,0,1,ESCONDIDO
5972696,2012,2014-01-10,9645,2012-12-29,1220,,6,9,BONITA RD,WILLOW ST,N,B,N,3,0,1,2,A,N,B,G,A,A,H,A,D,Y,,L,4,0,1,0,0,1,UNINCORPORATED
5787641,2012,2013-11-26,3706,2012-09-21,1500,ESCON,5,6,BEAR VALLEY PKWY,CITRUS AV,Y,A,N,3,0,1,2,A,N,B,G,A,A,H,A,A,Y,,L,4,0,1,0,0,1,ESCONDIDO
4816317,2010,2011-10-07,3706,2010-07-26,1335,ESCON,1,6,BEAR VALLEY PKWY,CITRUS AV,Y,A,N,3,0,1,2,A,N,D,G,A,A,H,A,A,Y,Y,L,4,0,1,0,0,1,ESCONDIDO
5787699,2012,2013-11-25,3711,2012-08-20,1436,,1,7,BULLOCK DR,SHADY OAK RD,N,A,N,3,0,1,1,A,N,E,I,A,-,H,A,D,Y,,L,4,0,1,0,0,1,SAN DIEGO
4383507,2009,2010-05-11,9650,2009-08-19,1645,,3,9,LILAC RD,BETSWORTH RD,N,A,N,3,0,1,1,A,N,E,I,A,A,H,A,D,Y,Y,L,4,0,1,0,0,1,UNINCORPORATED
6162837,2013,2014-03-19,3711,2013-07-30,729,,2,7,PALM AV,KOSTNER DR,Y,A,N,3,0,1,2,A,N,D,G,A,A,H,A,A,Y,,L,4,0,1,0,0,1,SAN DIEGO
8132351,2016,2016-10-04,3711,2016-09-23,1750,,5,7,KOSTNER DR,PALM AV,N,A,N,3,0,1,2,A,N,G,G,A,A,H,B,A,Y,,-,- ,0,1,0,0,1,SAN DIEGO
9149366,2020,2020-10-21,3706,2020-08-28,1712,ESCON,5,6,OAK HILL DR,MOMAR LN,N,A,N,3,0,1,2,A,N,D,G,A,A,H,A,D,Y,,L,4,0,1,0,0,1,ESCONDIDO
8655293,2018,2018-07-09,3711,2018-06-11,718,,1,7,ALSACIA CT,HONEY DR,N,B,N,4,0,1,2,A,N,D,G,A,A,H,A,D,Y,,L,4,0,0,1,0,1,SAN DIEGO
5457340,2012,2013-06-15,3711,2012-01-03,1751,,2,7,SAN YSIDRO BL,BORDER VILLAGE RD,N,-,N,3,0,1,2,A,N,G,A,A,-,D,-,A,Y,,L,4,0,1,0,0,1,SAN DIEGO
8052505,2016,2016-06-08,3700,2016-03-18,1643,,5,4,ESPOLA RD,MARTINCOIT RD,N,A,N,2,0,1,1,C,N,H,A,A,A,H,A,D,Y,,-,- ,1,0,0,0,1,POWAY
6561489,2014,2014-08-28,3708,2014-07-01,1147,400,2,5,HARBINSON AV,AMHERST ST,Y,A,N,3,0,1,2,A,N,D,G,A,A,H,A,A,Y,,L,4,0,1,0,0,1,LA MESA
4142975,2009,2009-10-31,3711,2009-03-10,1720,MID,2,7,EL CAJON BL,HARRISON AV,N,A,N,3,0,1,2,A,N,H,G,A,A,H,A,A,Y,,D,22,0,1,0,0,1,SAN DIEGO
4856687,2010,2011-07-25,3700,2010-07-05,1835,,1,4,SAN ALTOS PL,MASSACHUSETTS AV,N,A,N,2,0,1,2,A,N,H,G,A,A,H,A,D,Y,,D,22,1,0,0,0,1,LEMON GROVE
5203602,2011,2012-07-10,3706,2011-05-31,1715,ESPD,2,6,VALLEY PKWY,CITRUS AV,N,A,N,4,0,1,2,A,N,D,G,A,A,H,A,D,Y,,L,4,0,0,1,0,1,ESCONDIDO
5488518,2012,2013-06-29,3702,2012-01-30,107,,1,6,WILLOW RD,BONITA RD,N,A,N,3,0,1,2,A,N,H,G,A,A,H,A,D,Y,,L,4,0,1,0,0,1,CHULA VISTA
8146192,2016,2016-10-17,3706,2016-10-05,848,ESCON,3,6,VALLEY PKWY,BEAR VALLEY PKWY,N,A,N,3,0,1,2,A,N,D,G,A,A,H,A,D,Y,,L,4,0,1,0,0,1,ESCONDIDO
5063801,2010,2011-11-29,3700,2010-11-02,1736,,2,4,POWAY RD,COMMUNITY RD,N,A,N,3,0,1,2,A,N,D,G,A,A,H,A,D,Y,,L,4,0,1,0,0,1,POWAY
6116962,2013,2014-03-03,3711,2013-06-21,843,,5,7,MISSION GORGE RD,GOLFCREST DR,N,A,N,4,0,1,1,A,N,H,A,A,A,H,A,D,Y,,L,4,0,0,1,0,1,SAN DIEGO
6433011,2014,2015-08-14,3700,2014-02-21,1920,,5,4,COMMUNITY RD,POWAY RD,N,B,N,3,0,1,2,A,F,C,G,A,A,H,C,A,Y,,A,1,0,1,0,0,1,POWAY
8819531,2017,2019-03-12,3700,2017-07-20,1107,,4,4,CITRUS ST,BROADWAY,N,A,N,4,0,1,2,A,N,D,G,A,A,H,A,D,Y,,L,4,0,0,1,0,1,LEMON GROVE
8712722,2018,2018-11-15,3706,2018-10-01,1826,ESCON,1,6,CITRUS AV,OAK HILL DR,N,A,N,3,0,1,1,A,N,H,G,A,A,H,B,D,Y,,L,4,0,1,0,0,1,ESCONDIDO
8401479,2017,2017-07-21,3711,2017-06-24,1040,,6,7,KIOWA DR,KIOWA DR 5440,N,A,N,3,0,1,1,A,N,H,H,A,A,H,A,D,Y,,L,4,0,1,0,0,1,SAN DIEGO