CASE_ID,ACCIDENT_YEAR,PROC_DATE,JURIS,COLLISION_DATE,COLLISION_TIME,REPORTING_DISTRICT,DAY_OF_WEEK,POPULATION,PRIMARY_RD,SECONDARY_RD,INTERSECTION,WEATHER_1,STATE_HWY_IND,COLLISION_SEVERITY,NUMBER_KILLED,NUMBER_INJURED,PARTY_COUNT,PRIMARY_COLL_FACTOR,HIT_AND_RUN,TYPE_OF_COLLISION,MVIW,PED_ACTION,ROAD_SURFACE,ROAD_COND_1,LIGHTING,CONTROL_DEVICE,BICYCLE_ACCIDENT,ALCOHOL_INVOLVED,STWD_VEHTYPE_AT_FAULT,CHP_VEHTYPE_AT_FAULT,COUNT_SEVERE_INJ,COUNT_VISIBLE_INJ,COUNT_COMPLAINT_PAIN,COUNT_BICYCLIST_KILLED,COUNT_BICYCLIST_INJURED,CITY
8559126,2018,2018-03-02,3711,2018-02-06,956,SDPD,2,7,73RD ST,EL CAJON BL,N,A,N,4,0,1,2,A,N,D,G,A,A,H,A,A,Y,,-,,0,0,1,0,1,SAN DIEGO
5037983,2010,2011-11-28,3702,2010-11-30,1118,,2,6,BONITA RD,WILLOW ST,N,A,N,4,0,1,2,A,N,D,G,A,A,H,A,D,Y,,L,4,0,0,1,0,1,CHULA VISTA
6457824,2014,2014-07-10,3702,2014-04-18,1452,,5,6,BONITA RD,WILLOW ST,N,A,N,3,0,1,2,A,N,B,G,A,A,H,A,D,Y,,M,47,0,1,0,0,1,CHULA VISTA
4703627,2010,2011-04-18,3711,2010-05-15,2045,,6,7,OTAY MESA RD,BEYER BL,N,B,N,3,0,1,1,A,N,E,I,A,A,H,C,D,Y,Y,L,4,0,1,0,0,1,SAN DIEGO
5462374,2011,2013-01-31,3708,2011-12-28,1601,400,3,5,YALE AV,UNIVERSITY AV,Y,A,N,3,0,1,2,A,F,D,G,A,A,H,A,A,Y,,L,4,0,1,0,0,1,LA MESA
6310699,2013,2014-05-08,3708,2013-11-14,1723,200,4,5,YALE AV,UNIVERSITY AV,N,A,N,3,0,1,2,A,F,D,C,A,A,H,C,D,Y,,L,4,0,1,0,0,1,LA MESA
4086524,2009,2009-10-24,3708,2009-03-12,1540,507,4,5,YALE AV,UNIVERSITY AV,N,A,N,3,0,1,2,A,N,-,G,A,A,H,A,A,Y,,L,4,0,1,0,0,1,LA MESA
6539515,2014,2014-08-15,3702,2014-06-16,630,,1,6,EAST ORANGE AV,MELROSE AV,N,A,N,4,0,1,2,A,N,D,G,A,A,H,A,D,Y,,A,1,0,0,1,0,1,CHULA VISTA
8017988,2016,2016-04-25,3702,2016-03-18,2215,,5,6,EAST ORANGE AV,MELROSE AV,N,A,N,3,0,1,2,A,N,D,G,A,A,H,C,D,Y,,L,4,0,1,0,0,1,CHULA VISTA
6187258,2013,2014-03-27,3702,2013-07-31,1515,,3,6,BONITA AV,WILLOW RD,N,A,N,4,0,1,2,A,N,D,G,A,A,H,A,D,Y,,L,4,0,0,1,0,1,CHULA VISTA
8045005,2016,2016-05-27,3706,2016-05-10,1500,ESPD,2,6,CITRUS AV,CITRON PL,N,A,N,3,0,1,2,A,N,D,G,A,A,H,A,D,Y,,L,4,0,1,0,0,1,ESCONDIDO
8787318,2018,2019-02-15,3700,2018-04-19,810,,4,4,SAN MIGUEL AV,GLOBE RD,Y,A,N,3,0,1,2,A,N,D,G,A,A,H,A,-,Y,,L,4,0,1,0,0,1,LEMON GROVE
6431614,2013,2014-05-14,3711,2013-12-27,1457,,5,7,CAMINO DE LA PLAZA,VIA NACIONAL,N,A,N,3,0,2,2,A,N,C,G,A,A,H,A,D,Y,,-,- ,0,2,0,0,2,SAN DIEGO
5499010,2012,2013-06-17,9645,2012-01-06,1455,,5,9,SWEETWATER RD,MALITO DR,N,A,N,3,0,1,2,A,N,D,G,A,A,H,A,D,Y,,L,4,0,1,0,0,1,UNINCORPORATED
5641305,2012,2013-09-24,3706,2012-05-23,1450,,3,6,CITRUS AV,PATTERSON,Y,A,N,3,0,1,2,A,N,B,G,A,A,H,A,D,Y,,A,1,0,1,0,0,1,ESCONDIDO
4311158,2009,2010-04-10,3711,2009-07-14,1900,,2,7,EAST SAN YSIDRO BL,BORDER VILLAGE RD,N,A,N,3,0,1,2,A,N,B,G,A,A,H,A,D,Y,Y,L,4,0,1,0,0,1,SAN DIEGO
6486109,2014,2015-11-19,9645,2014-05-10,0,,6,7,RT 52,MAST BL,N,A,N,2,0,2,2,A,N,C,G,A,A,H,A,D,Y,,L,4,1,1,0,0,2,SAN DIEGO
5844550,2012,2013-12-09,3711,2012-09-23,1938,SAN C,7,7,JACKSON DR,GOLF CREST DR,N,A,N,3,0,1,1,C,N,E,J,A,A,C,D,D,Y,,-,- ,0,1,0,0,1,SAN DIEGO
8105140,2016,2016-09-27,3700,2016-07-13,825,,3,4,POWAY RD,COMMUNITY RD,N,A,N,4,0,1,2,A,N,D,G,A,A,H,A,D,Y,,D,22,0,0,1,0,1,POWAY
7001257,2015,2015-07-23,3708,2015-05-20,1550,,3,5,UNIVERSITY AV,UNIVERSITY AV 7400,N,A,N,4,0,1,2,A,N,D,G,A,A,H,A,A,Y,,L,4,0,0,1,0,1,LA MESA
8086222,2016,2016-07-27,3706,2016-06-29,1009,ESCON,3,6,VALLEY PL,BEAR VALLEY PY,N,A,N,3,0,1,2,A,N,B,G,A,A,H,A,A,Y,,A,7,0,1,0,0,1,ESCONDIDO
4115025,2009,2009-10-07,3708,2009-02-03,1905,200,2,5,POMONA AV,UNIVERSITY AV,N,A,N,4,0,1,2,A,N,D,G,A,A,H,D,D,Y,,L,4,0,0,1,0,1,LA MESA
7048722,2015,2015-09-16,3706,2015-08-11,1940,,2,6,VALLEY PKWY,BEAR VALLEY PKWY,Y,A,N,4,0,1,2,A,N,D,G,A,A,H,C,A,Y,,L,4,0,0,1,0,1,ESCONDIDO
6613696,2014,2014-09-11,3700,2014-07-24,2150,,4,4,TWIN PEAKS RD,MIDLAND RD,N,A,N,2,0,1,2,A,N,C,G,A,A,H,E,A,Y,Y,L,4,1,0,0,0,1,POWAY
6403927,2013,2014-05-01,3700,2013-11-07,953,,4,4,BROADWAY,WEST ST,Y,A,N,4,0,1,2,A,N,D,G,A,A,H,A,A,Y,,A,7,0,0,1,0,1,LEMON GROVE
4258128,2009,2010-01-06,3700,2009-05-14,2205,,4,4,BROADWAY,WEST ST,Y,A,N,3,0,1,2,A,N,-,G,A,A,H,C,A,Y,,D,22,0,1,0,0,1,LEMON GROVE
4426135,2009,2010-06-17,3711,2009-10-08,1600,,4,7,BARNEY ST,LATROBE CIR,N,A,N,3,0,1,2,A,N,D,G,A,A,H,A,D,Y,,L,4,0,1,0,0,1,SAN DIEGO
4142943,2009,2009-10-28,3708,2009-03-09,815,400,1,5,POMONA AV,STANFORD  AV,Y,A,N,3,0,1,2,A,F,D,G,A,A,H,A,A,Y,,L,4,0,1,0,0,1,LA MESA
8097601,2016,2016-08-16,3708,2016-07-31,2154,,7,5,POMONA AV,WEST POINT AV,N,A,N,2,0,1,1,A,N,E,G,A,A,C,C,D,Y,Y,L,4,1,0,0,0,1,LA MESA
6103337,2013,2014-02-28,3702,2013-05-08,1200,,3,6,EAST H ST,KERNEL DR,N,A,N,3,0,1,2,A,N,B,G,A,A,H,A,D,Y,,A,1,0,1,0,0,1,CHULA VISTA
8840458,2019,2019-04-18,3700,2019-01-20,2144,,7,4,BROADWAY,WEST ST,N,F,N,4,0,1,2,A,M,D,G,A,-,H,C,D,Y,,-,- ,0,0,1,0,1,LEMON GROVE
4872122,2010,2011-08-22,3708,2010-08-13,1426,400,5,5,EL CAJON BL,JESSIE AV,N,A,N,3,0,1,2,A,N,D,G,A,A,H,A,A,Y,,A,1,0,1,0,0,1,LA MESA
6891086,2015,2015-04-27,3702,2015-03-12,1431,,4,6,BONITA RD,ALLEN SCHOOL RD,N,A,N,2,0,1,2,A,N,G,G,A,A,H,A,A,Y,,A,1,1,0,0,0,1,CHULA VISTA
6381749,2014,2014-06-07,3708,2014-01-20,1153,400,1,5,JESSIE AV,LA MESITA PL,N,A,N,3,0,1,2,A,N,B,G,A,A,H,A,D,Y,,A,1,0,1,0,0,1,LA MESA
9119981,2020,2020-09-26,3711,2020-07-09,1809,,4,7,EAST SAN YSIDRO BL,LOUISIANA AV,Y,B,N,4,0,1,2,A,N,G,G,A,A,H,A,D,Y,,L,4,0,0,1,0,1,SAN DIEGO
5385601,2011,2012-12-04,3708,2011-08-09,1900,200,2,5,JESSIE AV,LA MESITA PL,Y,A,N,4,0,1,1,D,N,H,A,A,A,H,A,D,Y,,-,- ,0,0,1,0,1,LA MESA
8580770,2018,2018-03-22,3708,2018-02-02,2058,,5,5,OHIO PL,JESSIE AV,Y,A,N,4,0,1,2,A,N,D,G,A,A,H,C,A,Y,,A,1,0,0,1,0,1,LA MESA
4901311,2010,2011-11-15,3708,2010-10-06,750,100,3,5,LOWELL ST,UNIVERSITY AV,Y,C,N,3,0,1,2,A,N,D,G,A,B,H,A,A,Y,,A,7,0,1,0,0,1,LA MESA
8908948,2019,2019-08-07,3708,2019-06-27,1519,,4,5,JESSIE AV,SENECA PL,Y,A,N,4,0,1,2,A,N,D,G,A,A,H,A,D,Y,,L,4,0,0,1,0,1,LA MESA
8717277,2018,2018-10-16,3708,2018-08-27,1739,,1,5,UNIVERSITY AV,LOWELL ST,Y,A,N,3,0,1,2,A,M,A,G,A,A,H,A,A,Y,,L,4,0,1,0,0,1,LA MESA
5202844,2011,2012-08-10,3706,2011-05-31,1856,ESCON,2,6,BEAR VALLEY PKWY,VALLEY PKWY,N,A,N,4,0,1,2,A,N,D,G,A,A,H,A,A,Y,Y,L,4,0,0,1,0,1,ESCONDIDO
4463971,2009,2010-07-15,3708,2009-10-12,1453,400,1,5,EL CAJON BL,WILLIAMS AV,Y,A,N,3,0,1,2,A,N,D,G,A,A,H,A,D,Y,,L,4,0,1,0,0,1,LA MESA
9061032,2020,2020-06-17,3711,2020-02-17,1057,,1,7,SAN YSIDRO BL,LOUISIANA ST,N,A,N,3,0,1,2,A,N,D,G,A,A,H,A,D,Y,,L,4,0,1,0,0,1,SAN DIEGO
4297444,2009,2010-02-08,3711,2009-06-07,1330,,7,7,BRIARWOOD RD,GATEWOOD LN,Y,B,N,3,0,1,2,A,N,D,G,A,A,H,A,D,Y,,L,4,0,1,0,0,1,SAN DIEGO
6994671,2015,2015-08-29,3711,2015-07-20,1710,,1,7,PARADISE ST,BRIARWOOD RD,N,A,N,3,0,1,2,A,N,H,G,A,A,H,A,A,Y,,L,4,0,1,0,0,1,SAN DIEGO
5378532,2011,2012-12-20,3711,2011-10-22,652,,6,7,BRIARWOOD RD,PARADISE VALLEY RD,Y,A,N,3,0,1,2,A,N,D,G,A,A,H,A,A,Y,,L,4,0,1,0,0,1,SAN DIEGO
5617410,2012,2013-09-18,3706,2012-05-08,1503,ESPD,2,6,FALCONER RD,VALLEY PKWY,Y,A,N,3,0,1,2,A,F,D,G,A,A,H,A,A,Y,,L,4,0,1,0,0,1,ESCONDIDO
90216506,2016,2016-08-29,9650,2016-06-22,710,,3,9,VALLEY CENTER RD.,LILAC RD.,Y,A,N,3,0,1,2,A,N,H,G,A,A,H,A,A,Y,,A,7,0,1,0,0,1,UNINCORPORATED
6616771,2014,2014-09-26,3706,2014-08-14,1848,,4,6,EL NORTE PKWY,OAK TREE PL,N,A,N,3,0,1,2,A,N,D,G,A,A,H,A,D,Y,,L,4,0,1,0,0,1,ESCONDIDO
5393732,2011,2013-01-07,3700,2011-10-27,1630,,4,4,MIDLAND RD,POWAY RD,N,A,N,4,0,1,2,A,N,H,G,A,A,H,A,D,Y,,L,4,0,0,1,0,1,POWAY
8887813,2019,2019-07-22,3711,2019-06-18,1155,,2,7,NAVAJO RD,CAMINITO PERICO,Y,B,N,4,0,1,2,A,M,D,G,A,A,D,A,D,Y,,A,1,0,0,1,0,1,SAN DIEGO
4397064,2009,2010-05-13,3702,2009-08-03,1741,,1,6,OXFORD ST,OCELOT AV,N,A,N,3,0,1,2,A,N,-,G,A,A,H,A,D,Y,,-,- ,0,1,0,0,1,CHULA VISTA
6807511,2014,2015-02-13,3700,2014-12-09,1530,,2,4,MIDLAND DR,PUTNEY RD,Y,A,N,4,0,1,2,A,N,D,G,A,A,H,A,A,Y,,L,4,0,0,1,0,1,POWAY
4631428,2010,2010-12-29,9650,2010-02-13,920,,6,9,OLD HIGHWAY 395,LILAC RD,N,A,N,3,0,1,1,A,N,-,G,A,A,H,A,D,Y,,L,4,0,1,0,0,1,UNINCORPORATED
7048043,2015,2016-07-19,3700,2015-07-07,730,,2,4,JACK RABBIT RD,ORCHARD BEND RD,N,A,N,3,0,1,2,A,N,H,G,A,A,H,A,D,Y,,A,1,0,1,0,0,1,POWAY
5894595,2012,2014-01-04,3706,2012-10-26,1251,ESPD,5,6,VALLEY PKWY,WANEK RD,Y,A,N,3,0,1,2,A,F,D,G,A,A,H,A,A,Y,,A,1,0,1,0,0,1,ESCONDIDO
8422798,2017,2017-08-07,3700,2017-06-03,1013,,6,4,POWAY RD,MIDLAND RD,N,A,N,3,0,2,3,A,N,D,G,A,A,H,A,D,Y,,A,7,0,2,0,0,2,POWAY
8916559,2019,2019-08-19,3711,2019-07-24,2011,,3,7,JACKSON DR,LAKE SHORE DR,N,A,N,3,0,1,2,A,N,C,G,A,A,H,D,D,Y,,A,1,0,1,0,0,1,SAN DIEGO
5354874,2011,2012-12-13,3700,2011-09-12,701,,1,5,MISSION GORGE RD,MISSION GORGE RD 7467,Y,A,N,4,0,1,2,A,N,D,G,A,A,H,B,D,Y,,D,22,0,0,1,0,1,SANTEE
4122136,2009,2009-09-14,3700,2009-01-13,1245,,2,5,MISSION GORGE RD,ROCKY POINT RD,N,A,N,2,0,1,2,A,N,D,G,A,A,H,A,D,Y,,A,1,1,0,0,0,1,SANTEE
8077056,2016,2016-07-14,3700,2016-03-01,1658,,2,5,MISSION GORGE RD,HIGHLANDS MOBILE HOME PARK,Y,A,N,3,0,1,2,A,N,D,G,A,A,H,A,-,Y,,A,1,0,1,0,0,1,SANTEE
8783992,2018,2019-01-23,3708,2018-11-15,1200,,4,5,LAKE PARK WAY,SUNSET PARK,Y,A,N,3,0,1,2,A,N,D,G,A,A,H,A,D,Y,,A,1,0,1,0,0,1,LA MESA
8937076,2019,2019-09-20,3708,2019-08-20,1530,,2,5,EL CAJON BL,PARKS AV,N,A,N,3,0,1,2,A,N,D,G,A,A,H,A,D,Y,,L,4,0,1,0,0,1,LA MESA
6731969,2014,2015-01-23,3702,2014-11-19,1527,,3,6,BONITA RD,BILLY CASPER WAY,N,A,N,3,0,1,2,A,N,C,G,A,A,H,A,D,Y,,A,1,0,1,0,0,1,CHULA VISTA
6125179,2013,2014-03-10,3708,2013-06-25,1740,400,2,5,EL CAJON BL,COMMANCHE DR,N,A,N,3,0,1,1,A,N,H,I,A,A,H,A,D,Y,,L,4,0,1,0,0,1,LA MESA
5667993,2012,2013-09-28,3711,2012-06-05,1354,,2,7,NAVAJO RD,GOLFCREST,N,A,N,3,0,1,1,C,N,H,A,A,A,H,A,D,Y,,-,- ,0,1,0,0,1,SAN DIEGO
4551130,2009,2010-10-05,3708,2009-12-04,1624,400,5,5,UNIVERSITY AV,CULBERTSON AV,N,A,N,3,0,1,1,A,N,H,-,A,A,H,A,D,Y,,L,4,0,1,0,0,1,LA MESA
8149692,2016,2016-10-24,3700,2016-09-03,915,,6,4,EDGEMOOR ST,BRIGHTON AV,N,A,N,2,0,1,2,A,N,D,G,A,A,H,A,-,Y,,L,4,1,0,0,0,1,POWAY
5878840,2012,2013-12-23,3700,2012-10-21,1822,,7,4,EDGEMOOR ST,BRIGHTON AV,N,A,N,2,0,1,2,A,N,D,G,A,A,H,C,A,Y,,L,4,1,0,0,0,1,POWAY
4265772,2009,2010-01-26,3702,2009-05-15,1518,,5,6,BONITA RD,BILLY CASPER WAY,N,A,N,3,0,1,2,A,N,B,G,A,A,H,A,D,Y,,A,7,0,1,0,0,1,CHULA VISTA
6063104,2013,2014-02-10,3700,2013-03-01,812,,5,4,MAIN ST,MOUNT VERNON ST,Y,A,N,2,0,1,2,A,N,D,G,A,A,H,A,A,Y,,L,4,1,0,0,0,1,LEMON GROVE
8326119,2017,2017-03-21,3708,2017-02-08,732,,3,5,SENECA PL,PARKS AV,N,A,N,4,0,1,2,A,N,A,G,A,A,H,A,D,Y,,L,4,0,0,1,0,1,LA MESA
5322744,2011,2012-12-14,3708,2011-09-23,1353,400,5,5,PARKS AV,EL CAJON BL,N,A,N,4,0,1,2,A,N,D,G,A,A,H,A,A,Y,,-,- ,0,0,1,0,1,LA MESA
5408267,2011,2012-11-28,3702,2011-07-29,1650,,5,6,BONITA RD,BILLY CASPER WY,Y,A,N,4,0,1,2,D,M,C,G,A,A,H,A,A,Y,Y,-,- ,0,0,1,0,1,CHULA VISTA
8942571,2019,2019-09-24,3702,2019-07-20,2133,,6,6,EAST PALOMAR ST,OLEANDER AV,N,A,N,4,0,1,2,A,N,B,B,A,A,H,C,A,Y,,L,4,0,0,1,0,1,CHULA VISTA
6032106,2013,2014-02-10,3702,2013-03-02,1257,,6,6,BONITA RD,BILLY CASPER WAY,N,A,N,3,0,1,2,A,N,B,G,A,A,H,A,A,Y,,A,1,0,1,0,0,1,CHULA VISTA
9078950,2020,2020-06-30,3702,2020-01-31,645,,5,6,OLEANDER AV,EAST PALOMAR ST,N,A,N,4,0,1,2,A,N,B,G,A,A,H,A,A,Y,,L,4,0,0,1,0,1,CHULA VISTA
8410786,2017,2017-07-27,3708,2017-06-20,735,,2,5,NORMAL AV,OLIVE AV,Y,A,N,3,0,1,2,A,N,G,G,A,A,H,A,D,Y,,-,,0,1,0,0,1,LA MESA
9005624,2019,2020-02-10,3708,2019-12-19,1006,,4,5,LAKE MURRAY BL,BALTIMORE DR,N,A,N,4,0,1,2,A,N,A,G,A,A,H,A,D,Y,,L,4,0,0,1,0,1,LA MESA
5405096,2011,2013-05-08,3708,2011-11-26,1240,400,6,5,PARKS AV,UNIVERSITY AV,N,A,N,3,0,1,2,B,F,D,G,A,A,H,A,D,Y,,L,4,0,1,0,0,1,LA MESA
6333862,2013,2014-05-19,3708,2013-12-27,630,100,5,5,BALTIMORE DR,LAKE MURRAY BL,N,A,N,4,0,1,2,A,N,B,G,A,A,H,A,A,Y,,L,4,0,0,1,0,1,LA MESA
4609136,2010,2010-10-18,3700,2010-01-26,1715,,2,4,POWERS RD,GATE DR,N,A,N,4,0,1,2,A,N,-,G,A,A,H,C,D,Y,,L,4,0,0,1,0,1,POWAY
8535634,2017,2018-01-26,3708,2017-12-29,1604,,5,5,LAKE MURRAY BL,BALTIMORE DR,N,A,N,4,0,1,1,A,N,F,A,A,A,H,A,D,Y,,L,4,0,0,1,0,1,LA MESA
9117290,2020,2020-09-08,3708,2020-06-25,728,,4,5,LAKE MURRAY BL,BALTIMORE DR,Y,B,N,3,0,1,2,A,N,D,G,A,A,H,A,A,Y,,L,4,0,1,0,0,1,LA MESA
4371112,2009,2010-05-17,3711,2009-08-19,1857,,3,7,JAMACHA RD,LINCOLN PL,N,A,N,3,0,1,2,A,N,H,G,A,A,H,A,D,Y,Y,L,4,0,1,0,0,1,SAN DIEGO
4399948,2009,2010-06-11,3708,2009-09-19,954,100,6,5,BALTIMORE DR,WELLESLEY ST,Y,A,N,3,0,1,2,A,N,C,E,A,A,H,A,D,Y,,L,4,0,1,0,0,1,LA MESA
8475846,2017,2017-11-30,3711,2017-10-30,955,,1,7,DENNERY RD,DENNERY RD 640,-,B,N,3,0,1,2,A,N,D,G,A,A,H,A,A,Y,,L,4,0,1,0,0,1,SAN DIEGO
6811966,2015,2015-03-05,3702,2015-01-06,720,,2,6,EAST H ST,DEL REY BL,N,A,N,3,0,1,2,A,N,C,G,A,A,H,A,D,Y,,A,1,0,1,0,0,1,CHULA VISTA
9117289,2020,2020-09-08,3708,2020-06-23,1233,,2,5,EL CAJON BL,MAPLE AV,N,A,N,4,0,1,2,A,N,B,C,A,A,H,A,D,Y,,A,1,0,0,1,0,1,LA MESA
4390309,2009,2010-04-20,3700,2009-08-10,1356,,1,4,OLIVE DR,BROADWAY,N,A,N,3,0,1,2,A,N,-,G,A,A,H,A,D,Y,,L,4,0,1,0,0,1,LEMON GROVE
4340223,2009,2010-04-08,3708,2009-07-19,1340,100,7,5,ROSEBUD LN,STURGESS  AV,N,A,N,3,0,1,2,A,N,D,G,A,A,H,A,D,Y,,L,4,0,1,0,0,1,LA MESA
8806872,2019,2019-02-28,3711,2019-01-26,1213,SOUTH,6,7,BROOKHAVEN RD,CAREYBROOK LN,N,A,N,4,0,1,2,A,N,H,G,A,A,H,A,D,Y,Y,L,4,0,0,1,0,1,SAN DIEGO
4564693,2010,2010-11-05,3711,2010-01-02,1607,,6,7,MEADOWBROOK DR,SHOREWOOD DR,Y,A,N,4,0,1,2,D,N,-,G,A,A,H,A,D,Y,,-,- ,0,0,1,0,1,SAN DIEGO
9077888,2020,2020-08-17,3700,2020-04-02,948,,4,4,LEMON GROVE AV,PALM ST,Y,B,N,4,0,1,2,A,N,D,G,A,A,H,A,A,Y,,L,4,0,0,1,0,1,LEMON GROVE
5382996,2011,2012-12-18,3700,2011-09-24,1306,,6,5,MISSION GORGE RD,FATHER JUNIPERO SERRA TRL,N,A,N,3,0,1,2,A,N,C,G,A,A,H,A,D,Y,,A,1,0,1,0,0,1,SANTEE
6801940,2015,2015-02-18,3711,2015-01-21,1330,,3,7,BRIARWOOD RD,ALTA VIEW DR,Y,A,N,3,0,1,2,A,N,D,G,A,A,H,A,A,Y,,L,4,0,1,0,0,1,SAN DIEGO
8481297,2017,2017-12-01,3711,2017-10-26,1658,3711,4,7,BRIARWOOD RD,ALTA VIEW DR,N,A,N,2,0,1,2,A,N,D,G,A,A,H,A,A,Y,,L,4,1,0,0,0,1,SAN DIEGO
7041375,2015,2015-09-03,3708,2015-05-14,731,,4,5,PARKWAY DR,WELLESLEY ST,N,A,N,4,0,1,2,A,N,D,G,A,A,H,A,D,Y,,L,4,0,0,1,0,1,LA MESA
6256115,2013,2014-04-26,3708,2013-10-07,1500,400,1,5,PARKWAY DR,WELLESLEY ST,N,A,N,3,0,1,2,A,N,D,G,A,A,H,A,D,Y,,L,4,0,1,0,0,1,LA MESA
7068195,2015,2015-09-23,9650,2015-09-05,1318,,6,9,VALLEY CENTER RD,WOODS VALLEY RD,N,A,N,3,0,1,2,A,F,B,G,A,A,H,A,D,Y,,A,7,0,1,0,0,1,UNINCORPORATED
4159996,2009,2009-09-21,3706,2009-02-22,1454,ESPD,7,6,VALLEY PKWY,LAKE WOHLFORD RD,N,A,N,3,0,1,1,A,N,F,A,A,A,G,A,D,Y,,L,4,0,1,0,0,1,ESCONDIDO
4492827,2009,2010-08-20,3702,2009-10-18,1001,,7,6,TELEGRAPH CANYON RD,PASEO DEL REY,N,-,N,3,0,2,2,A,N,C,G,A,-,-,D,D,Y,,L,4,0,2,0,0,2,CHULA VISTA
90366784,2016,2017-03-13,9650,2016-12-28,1215,,3,9,VALLEY CENTER RD.,WOODS VALLEY RD,N,B,N,3,0,3,4,A,N,H,G,A,A,H,A,D,Y,,D,22,0,3,0,0,3,UNINCORPORATED
6629884,2014,2014-09-30,3711,2014-09-15,1000,,1,7,MEADOWBROOK DR,BLOOMFIELD RD,N,A,N,3,0,1,2,A,M,-,G,A,A,H,A,D,Y,,-,,0,1,0,0,1,SAN DIEGO
8976622,2019,2019-12-05,3711,2019-10-15,1430,,2,7,DEEP DELL RD,BROOKHEAVEN RD,Y,A,N,3,0,1,2,A,M,G,B,A,A,H,A,D,Y,,A,1,0,1,0,0,1,SAN DIEGO
7041411,2015,2015-09-03,3702,2015-05-14,1530,,4,6,OTAY LAKES RD,VILLAS DR,N,B,N,4,0,1,2,A,N,D,G,A,A,H,A,D,Y,,L,4,0,0,1,0,1,CHULA VISTA
6469386,2014,2014-06-20,3700,2014-01-16,730,,4,4,LEMON GROVE AV,CENTRAL AV,Y,A,N,4,0,1,2,A,N,H,G,A,A,H,A,A,Y,,A,1,0,0,1,0,1,LEMON GROVE
4043945,2009,2009-09-14,3700,2009-01-25,1155,,7,4,LEMON GROVE AV,BROADWAY,Y,B,N,4,0,1,2,A,N,D,G,A,A,H,A,D,Y,Y,A,1,0,0,1,0,1,LEMON GROVE
8909426,2019,2019-08-09,3706,2019-07-20,1051,ESCON,6,6,VALLEY CENTER RD,LAKE WOHLFORD RD,N,A,N,3,0,1,2,A,F,B,G,A,A,H,A,D,Y,,A,1,0,1,0,0,1,ESCONDIDO
6153438,2013,2014-03-06,3702,2013-06-12,1830,,3,6,OLYMPIC PKWY,CONCORD WY,N,A,N,4,0,1,2,A,N,B,G,A,A,H,A,A,Y,,A,1,0,0,1,0,1,CHULA VISTA
8487062,2017,2017-11-28,3711,2017-10-24,2008,,2,7,S MEADOWBROOK DR,SHADYGLADE LN,Y,A,N,3,0,1,2,A,N,A,G,A,A,H,C,D,Y,,L,4,0,1,0,0,1,SAN DIEGO
5896693,2012,2014-01-03,3711,2012-11-01,1144,,4,7,OCEAN VIEW HILLS PKWY,KENTMERE,N,A,N,3,0,1,2,A,N,D,G,A,A,H,A,A,Y,,L,4,0,1,0,0,1,SAN DIEGO
8806712,2019,2019-03-07,3700,2019-01-30,751,,3,4,POWAY RD,ADAH LN,N,A,N,3,0,1,2,A,N,H,G,A,A,H,A,A,Y,,L,4,0,1,0,0,1,POWAY
5796532,2012,2013-11-16,3708,2012-08-11,1658,200,6,5,EL CAJON BL,LA MESA BL,Y,A,N,3,0,1,2,A,N,B,G,A,A,H,A,A,Y,,L,4,0,1,0,0,1,LA MESA
6381682,2014,2014-06-07,3708,2014-01-14,1312,400,2,5,EL CAJON BL,LA MESA BL,N,A,N,3,0,1,2,A,N,B,G,A,A,H,A,A,Y,,A,1,0,1,0,0,1,LA MESA
4937674,2009,2010-11-17,3700,2009-06-08,1602,,1,4,ADAH LN,POWAY RD,N,A,N,3,0,1,2,A,N,D,G,A,A,H,A,A,Y,,L,4,0,1,0,0,1,POWAY
5782672,2012,2013-11-26,3708,2012-08-30,925,400,4,5,NORMAL AV,ROSEBUD LN,N,A,N,3,0,1,2,A,N,G,G,A,A,H,A,D,Y,,L,4,0,1,0,0,1,LA MESA
4763792,2010,2011-05-09,3702,2010-05-09,1045,,7,6,OTAY LAKES RD,CAMINO ELEVADO,N,A,N,2,0,1,2,A,N,B,G,A,A,H,A,D,Y,,L,4,1,0,0,0,1,CHULA VISTA
5831491,2012,2013-12-17,3708,2012-10-20,1436,400,6,5,LEE AV,UNIVERSITY AV,N,B,N,2,0,1,2,A,N,D,G,A,A,H,A,D,Y,,L,4,1,0,0,0,1,LA MESA
6139666,2013,2014-03-14,3711,2013-07-11,1910,,4,7,EAST SAN YSIDRO BL,RAIL CT,N,A,N,4,0,2,3,A,N,C,C,A,A,H,A,D,Y,,-,- ,0,0,2,0,0,SAN DIEGO
8723301,2018,2018-11-06,3700,2018-09-05,710,,3,4,RIPARIAN RD,LAKE POWAY RD,N,A,N,3,0,1,2,A,N,H,G,A,A,H,A,D,Y,,L,4,0,1,0,0,1,POWAY
8358540,2017,2017-05-25,3708,2017-03-27,601,,1,5,LAKE MURRAY BL,COWLES MOUNTAIN BL,Y,A,N,4,0,1,2,A,N,D,G,A,A,H,D,A,Y,,A,7,0,0,1,0,1,LA MESA